sin_hour,cos_hour,sin_day,cos_day,building_0,building_1,building_2,building_3,building_4,building_5,building_6,building_7,building_8,building_9,building_10,building_11,building_12,building_13,building_14,building_15,building_16,building_17,building_18,building_19,building_20,building_21,building_22,building_23,radiation_0,radiation_1,radiation_2,radiation_3,radiation_4,radiation_5,radiation_6,radiation_7,radiation_8,radiation_9,radiation_10,radiation_11,radiation_12,radiation_13,radiation_14,radiation_15,radiation_16,radiation_17,radiation_18,radiation_19,radiation_20,radiation_21,radiation_22,radiation_23,temperature_0,temperature_1,temperature_2,temperature_3,temperature_4,temperature_5,temperature_6,temperature_7,temperature_8,temperature_9,temperature_10,temperature_11,temperature_12,temperature_13,temperature_14,temperature_15,temperature_16,temperature_17,temperature_18,temperature_19,temperature_20,temperature_21,temperature_22,temperature_23,price_0,price_1,price_2,price_3,price_4,price_5,price_6,price_7,price_8,price_9,price_10,price_11,price_12,price_13,price_14,price_15,price_16,price_17,price_18,price_19,price_20,price_21,price_22,price_23,battery_0,battery_1,battery_2,battery_3,battery_4,battery_5,battery_6,battery_7,battery_8,battery_9,battery_10,battery_11,battery_12,battery_13,battery_14,battery_15,battery_16,battery_17,battery_18,battery_19,battery_20,battery_21,battery_22,battery_23,target
-0.96593,-0.25882,-0.43388,-0.90097,50.7,51.75,47.07,41.16,11.86,9.31,8.7,8.72,8.89,9.26,10.49,10.86,9.85,16.1,33.81,39.85,39.53,43.03,42.97,45.81,44.81,46.16,43.9,35.01,0.0,0.0,0.0,0.0,0.0,0.0,0.0,0.0,0.0,0.0,0.0,0.0,0.06,0.17,0.2,0.2,0.29,0.71,0.47,0.35,0.37,0.32,0.15,0.06,20.8,20.6,20.3,20.4,20.1,20.2,19.9,18.7,18.6,18.2,18.0,18.3,18.6,18.5,18.9,19.2,18.9,19.7,20.1,20.0,20.0,19.8,20.0,19.7,4.77,4.77,4.77,4.77,4.77,4.77,1.85,1.85,1.85,1.85,1.85,1.85,4.77,4.77,4.77,4.77,4.77,1.85,1.85,1.85,4.77,4.77,4.77,4.77,3,18,21,25,15,20,28,30,35,37,37,36,33,26,10,6,10,14,19,18,15,20,26,15,-10.394
-1.0,-0.0,-0.43388,-0.90097,51.75,47.07,41.16,11.86,9.31,8.7,8.72,8.89,9.26,10.49,10.86,9.85,16.1,33.81,39.85,39.53,43.03,42.97,45.81,44.81,46.16,43.9,35.01,36.31,0.0,0.0,0.0,0.0,0.0,0.0,0.0,0.0,0.0,0.0,0.0,0.06,0.17,0.2,0.2,0.29,0.71,0.47,0.35,0.37,0.32,0.15,0.06,0.0,20.6,20.3,20.4,20.1,20.2,19.9,18.7,18.6,18.2,18.0,18.3,18.6,18.5,18.9,19.2,18.9,19.7,20.1,20.0,20.0,19.8,20.0,19.7,19.3,4.77,4.77,4.77,4.77,4.77,1.85,1.85,1.85,1.85,1.85,1.85,4.77,4.77,4.77,4.77,4.77,1.85,1.85,1.85,4.77,4.77,4.77,4.77,4.77,18,21,25,15,20,28,30,35,37,37,36,33,26,10,6,10,14,19,18,15,20,26,15,9,-13.15
-0.96593,0.25882,-0.43388,-0.90097,47.07,41.16,11.86,9.31,8.7,8.72,8.89,9.26,10.49,10.86,9.85,16.1,33.81,39.85,39.53,43.03,42.97,45.81,44.81,46.16,43.9,35.01,36.31,35.38,0.0,0.0,0.0,0.0,0.0,0.0,0.0,0.0,0.0,0.0,0.06,0.17,0.2,0.2,0.29,0.71,0.47,0.35,0.37,0.32,0.15,0.06,0.0,0.0,20.3,20.4,20.1,20.2,19.9,18.7,18.6,18.2,18.0,18.3,18.6,18.5,18.9,19.2,18.9,19.7,20.1,20.0,20.0,19.8,20.0,19.7,19.3,18.9,4.77,4.77,4.77,4.77,1.85,1.85,1.85,1.85,1.85,1.85,4.77,4.77,4.77,4.77,4.77,1.85,1.85,1.85,4.77,4.77,4.77,4.77,4.77,4.77,21,25,15,20,28,30,35,37,37,36,33,26,10,6,10,14,19,18,15,20,26,15,9,16,-13.617
-0.86603,0.5,-0.43388,-0.90097,41.16,11.86,9.31,8.7,8.72,8.89,9.26,10.49,10.86,9.85,16.1,33.81,39.85,39.53,43.03,42.97,45.81,44.81,46.16,43.9,35.01,36.31,35.38,31.93,0.0,0.0,0.0,0.0,0.0,0.0,0.0,0.0,0.0,0.06,0.17,0.2,0.2,0.29,0.71,0.47,0.35,0.37,0.32,0.15,0.06,0.0,0.0,0.0,20.4,20.1,20.2,19.9,18.7,18.6,18.2,18.0,18.3,18.6,18.5,18.9,19.2,18.9,19.7,20.1,20.0,20.0,19.8,20.0,19.7,19.3,18.9,18.7,4.77,4.77,4.77,1.85,1.85,1.85,1.85,1.85,1.85,4.77,4.77,4.77,4.77,4.77,1.85,1.85,1.85,4.77,4.77,4.77,4.77,4.77,4.77,4.77,25,15,20,28,30,35,37,37,36,33,26,10,6,10,14,19,18,15,20,26,15,9,16,21,-10.667
-0.70711,0.70711,-0.43388,-0.90097,11.86,9.31,8.7,8.72,8.89,9.26,10.49,10.86,9.85,16.1,33.81,39.85,39.53,43.03,42.97,45.81,44.81,46.16,43.9,35.01,36.31,35.38,31.93,28.28,0.0,0.0,0.0,0.0,0.0,0.0,0.0,0.0,0.06,0.17,0.2,0.2,0.29,0.71,0.47,0.35,0.37,0.32,0.15,0.06,0.0,0.0,0.0,0.0,20.1,20.2,19.9,18.7,18.6,18.2,18.0,18.3,18.6,18.5,18.9,19.2,18.9,19.7,20.1,20.0,20.0,19.8,20.0,19.7,19.3,18.9,18.7,18.8,4.77,4.77,1.85,1.85,1.85,1.85,1.85,1.85,4.77,4.77,4.77,4.77,4.77,1.85,1.85,1.85,4.77,4.77,4.77,4.77,4.77,4.77,4.77,4.77,15,20,28,30,35,37,37,36,33,26,10,6,10,14,19,18,15,20,26,15,9,16,21,20,-11.37
-0.5,0.86603,-0.43388,-0.90097,9.31,8.7,8.72,8.89,9.26,10.49,10.86,9.85,16.1,33.81,39.85,39.53,43.03,42.97,45.81,44.81,46.16,43.9,35.01,36.31,35.38,31.93,28.28,11.37,0.0,0.0,0.0,0.0,0.0,0.0,0.0,0.06,0.17,0.2,0.2,0.29,0.71,0.47,0.35,0.37,0.32,0.15,0.06,0.0,0.0,0.0,0.0,0.0,20.2,19.9,18.7,18.6,18.2,18.0,18.3,18.6,18.5,18.9,19.2,18.9,19.7,20.1,20.0,20.0,19.8,20.0,19.7,19.3,18.9,18.7,18.8,18.4,4.77,1.85,1.85,1.85,1.85,1.85,1.85,4.77,4.77,4.77,4.77,4.77,1.85,1.85,1.85,4.77,4.77,4.77,4.77,4.77,4.77,4.77,4.77,4.77,20,28,30,35,37,37,36,33,26,10,6,10,14,19,18,15,20,26,15,9,16,21,20,8,-9.86
-0.25882,0.96593,-0.43388,-0.90097,8.7,8.72,8.89,9.26,10.49,10.86,9.85,16.1,33.81,39.85,39.53,43.03,42.97,45.81,44.81,46.16,43.9,35.01,36.31,35.38,31.93,28.28,11.37,9.86,0.0,0.0,0.0,0.0,0.0,0.0,0.06,0.17,0.2,0.2,0.29,0.71,0.47,0.35,0.37,0.32,0.15,0.06,0.0,0.0,0.0,0.0,0.0,0.0,19.9,18.7,18.6,18.2,18.0,18.3,18.6,18.5,18.9,19.2,18.9,19.7,20.1,20.0,20.0,19.8,20.0,19.7,19.3,18.9,18.7,18.8,18.4,18.0,1.85,1.85,1.85,1.85,1.85,1.85,4.77,4.77,4.77,4.77,4.77,1.85,1.85,1.85,4.77,4.77,4.77,4.77,4.77,4.77,4.77,4.77,4.77,4.77,28,30,35,37,37,36,33,26,10,6,10,14,19,18,15,20,26,15,9,16,21,20,8,12,2.333
0.0,1.0,-0.97493,-0.22252,8.72,8.89,9.26,10.49,10.86,9.85,16.1,33.81,39.85,39.53,43.03,42.97,45.81,44.81,46.16,43.9,35.01,36.31,35.38,31.93,28.28,11.37,9.86,9.38,0.0,0.0,0.0,0.0,0.0,0.06,0.17,0.2,0.2,0.29,0.71,0.47,0.35,0.37,0.32,0.15,0.06,0.0,0.0,0.0,0.0,0.0,0.0,0.0,18.7,18.6,18.2,18.0,18.3,18.6,18.5,18.9,19.2,18.9,19.7,20.1,20.0,20.0,19.8,20.0,19.7,19.3,18.9,18.7,18.8,18.4,18.0,17.8,1.85,1.85,1.85,1.85,1.85,4.77,4.77,4.77,4.77,4.77,1.85,1.85,1.85,4.77,4.77,4.77,4.77,4.77,4.77,4.77,4.77,4.77,4.77,1.85,30,35,37,37,36,33,26,10,6,10,14,19,18,15,20,26,15,9,16,21,20,8,12,15,4.117
0.25882,0.96593,-0.97493,-0.22252,8.89,9.26,10.49,10.86,9.85,16.1,33.81,39.85,39.53,43.03,42.97,45.81,44.81,46.16,43.9,35.01,36.31,35.38,31.93,28.28,11.37,9.86,9.38,8.6,0.0,0.0,0.0,0.0,0.06,0.17,0.2,0.2,0.29,0.71,0.47,0.35,0.37,0.32,0.15,0.06,0.0,0.0,0.0,0.0,0.0,0.0,0.0,0.0,18.6,18.2,18.0,18.3,18.6,18.5,18.9,19.2,18.9,19.7,20.1,20.0,20.0,19.8,20.0,19.7,19.3,18.9,18.7,18.8,18.4,18.0,17.8,18.1,1.85,1.85,1.85,1.85,4.77,4.77,4.77,4.77,4.77,1.85,1.85,1.85,4.77,4.77,4.77,4.77,4.77,4.77,4.77,4.77,4.77,4.77,1.85,1.85,35,37,37,36,33,26,10,6,10,14,19,18,15,20,26,15,9,16,21,20,8,12,15,24,0.0
0.5,0.86603,-0.97493,-0.22252,9.26,10.49,10.86,9.85,16.1,33.81,39.85,39.53,43.03,42.97,45.81,44.81,46.16,43.9,35.01,36.31,35.38,31.93,28.28,11.37,9.86,9.38,8.6,8.99,0.0,0.0,0.0,0.06,0.17,0.2,0.2,0.29,0.71,0.47,0.35,0.37,0.32,0.15,0.06,0.0,0.0,0.0,0.0,0.0,0.0,0.0,0.0,0.0,18.2,18.0,18.3,18.6,18.5,18.9,19.2,18.9,19.7,20.1,20.0,20.0,19.8,20.0,19.7,19.3,18.9,18.7,18.8,18.4,18.0,17.8,18.1,18.1,1.85,1.85,1.85,4.77,4.77,4.77,4.77,4.77,1.85,1.85,1.85,4.77,4.77,4.77,4.77,4.77,4.77,4.77,4.77,4.77,4.77,1.85,1.85,1.85,37,37,36,33,26,10,6,10,14,19,18,15,20,26,15,9,16,21,20,8,12,15,24,31,4.267
0.70711,0.70711,-0.97493,-0.22252,10.49,10.86,9.85,16.1,33.81,39.85,39.53,43.03,42.97,45.81,44.81,46.16,43.9,35.01,36.31,35.38,31.93,28.28,11.37,9.86,9.38,8.6,8.99,9.45,0.0,0.0,0.06,0.17,0.2,0.2,0.29,0.71,0.47,0.35,0.37,0.32,0.15,0.06,0.0,0.0,0.0,0.0,0.0,0.0,0.0,0.0,0.0,0.0,18.0,18.3,18.6,18.5,18.9,19.2,18.9,19.7,20.1,20.0,20.0,19.8,20.0,19.7,19.3,18.9,18.7,18.8,18.4,18.0,17.8,18.1,18.1,17.6,1.85,1.85,4.77,4.77,4.77,4.77,4.77,1.85,1.85,1.85,4.77,4.77,4.77,4.77,4.77,4.77,4.77,4.77,4.77,4.77,1.85,1.85,1.85,1.85,37,36,33,26,10,6,10,14,19,18,15,20,26,15,9,16,21,20,8,12,15,24,31,35,5.45
0.86603,0.5,-0.97493,-0.22252,10.86,9.85,16.1,33.81,39.85,39.53,43.03,42.97,45.81,44.81,46.16,43.9,35.01,36.31,35.38,31.93,28.28,11.37,9.86,9.38,8.6,8.99,9.45,10.5,0.0,0.06,0.17,0.2,0.2,0.29,0.71,0.47,0.35,0.37,0.32,0.15,0.06,0.0,0.0,0.0,0.0,0.0,0.0,0.0,0.0,0.0,0.0,0.0,18.3,18.6,18.5,18.9,19.2,18.9,19.7,20.1,20.0,20.0,19.8,20.0,19.7,19.3,18.9,18.7,18.8,18.4,18.0,17.8,18.1,18.1,17.6,17.6,1.85,4.77,4.77,4.77,4.77,4.77,1.85,1.85,1.85,4.77,4.77,4.77,4.77,4.77,4.77,4.77,4.77,4.77,4.77,1.85,1.85,1.85,1.85,1.85,36,33,26,10,6,10,14,19,18,15,20,26,15,9,16,21,20,8,12,15,24,31,35,32,11.133
0.96593,0.25882,-0.97493,-0.22252,9.85,16.1,33.81,39.85,39.53,43.03,42.97,45.81,44.81,46.16,43.9,35.01,36.31,35.38,31.93,28.28,11.37,9.86,9.38,8.6,8.99,9.45,10.5,10.97,0.06,0.17,0.2,0.2,0.29,0.71,0.47,0.35,0.37,0.32,0.15,0.06,0.0,0.0,0.0,0.0,0.0,0.0,0.0,0.0,0.0,0.0,0.0,0.0,18.6,18.5,18.9,19.2,18.9,19.7,20.1,20.0,20.0,19.8,20.0,19.7,19.3,18.9,18.7,18.8,18.4,18.0,17.8,18.1,18.1,17.6,17.6,17.4,4.77,4.77,4.77,4.77,4.77,1.85,1.85,1.85,4.77,4.77,4.77,4.77,4.77,4.77,4.77,4.77,4.77,4.77,1.85,1.85,1.85,1.85,1.85,1.85,33,26,10,6,10,14,19,18,15,20,26,15,9,16,21,20,8,12,15,24,31,35,32,35,2.7
1.0,0.0,-0.97493,-0.22252,16.1,33.81,39.85,39.53,43.03,42.97,45.81,44.81,46.16,43.9,35.01,36.31,35.38,31.93,28.28,11.37,9.86,9.38,8.6,8.99,9.45,10.5,10.97,9.71,0.17,0.2,0.2,0.29,0.71,0.47,0.35,0.37,0.32,0.15,0.06,0.0,0.0,0.0,0.0,0.0,0.0,0.0,0.0,0.0,0.0,0.0,0.0,0.08,18.5,18.9,19.2,18.9,19.7,20.1,20.0,20.0,19.8,20.0,19.7,19.3,18.9,18.7,18.8,18.4,18.0,17.8,18.1,18.1,17.6,17.6,17.4,17.8,4.77,4.77,4.77,4.77,1.85,1.85,1.85,4.77,4.77,4.77,4.77,4.77,4.77,4.77,4.77,4.77,4.77,1.85,1.85,1.85,1.85,1.85,1.85,2.0,26,10,6,10,14,19,18,15,20,26,15,9,16,21,20,8,12,15,24,31,35,32,35,34,7.017
0.96593,-0.25882,-0.97493,-0.22252,33.81,39.85,39.53,43.03,42.97,45.81,44.81,46.16,43.9,35.01,36.31,35.38,31.93,28.28,11.37,9.86,9.38,8.6,8.99,9.45,10.5,10.97,9.71,16.6,0.2,0.2,0.29,0.71,0.47,0.35,0.37,0.32,0.15,0.06,0.0,0.0,0.0,0.0,0.0,0.0,0.0,0.0,0.0,0.0,0.0,0.0,0.08,0.45,18.9,19.2,18.9,19.7,20.1,20.0,20.0,19.8,20.0,19.7,19.3,18.9,18.7,18.8,18.4,18.0,17.8,18.1,18.1,17.6,17.6,17.4,17.8,18.8,4.77,4.77,4.77,1.85,1.85,1.85,4.77,4.77,4.77,4.77,4.77,4.77,4.77,4.77,4.77,4.77,1.85,1.85,1.85,1.85,1.85,1.85,2.0,2.0,10,6,10,14,19,18,15,20,26,15,9,16,21,20,8,12,15,24,31,35,32,35,34,32,1.233
0.86603,-0.5,-0.97493,-0.22252,39.85,39.53,43.03,42.97,45.81,44.81,46.16,43.9,35.01,36.31,35.38,31.93,28.28,11.37,9.86,9.38,8.6,8.99,9.45,10.5,10.97,9.71,16.6,53.59,0.2,0.29,0.71,0.47,0.35,0.37,0.32,0.15,0.06,0.0,0.0,0.0,0.0,0.0,0.0,0.0,0.0,0.0,0.0,0.0,0.0,0.08,0.45,0.55,19.2,18.9,19.7,20.1,20.0,20.0,19.8,20.0,19.7,19.3,18.9,18.7,18.8,18.4,18.0,17.8,18.1,18.1,17.6,17.6,17.4,17.8,18.8,19.6,4.77,4.77,1.85,1.85,1.85,4.77,4.77,4.77,4.77,4.77,4.77,4.77,4.77,4.77,4.77,1.85,1.85,1.85,1.85,1.85,1.85,2.0,2.0,2.0,6,10,14,19,18,15,20,26,15,9,16,21,20,8,12,15,24,31,35,32,35,34,32,31,0.0
0.70711,-0.70711,-0.97493,-0.22252,39.53,43.03,42.97,45.81,44.81,46.16,43.9,35.01,36.31,35.38,31.93,28.28,11.37,9.86,9.38,8.6,8.99,9.45,10.5,10.97,9.71,16.6,53.59,65.71,0.29,0.71,0.47,0.35,0.37,0.32,0.15,0.06,0.0,0.0,0.0,0.0,0.0,0.0,0.0,0.0,0.0,0.0,0.0,0.0,0.08,0.45,0.55,1.08,18.9,19.7,20.1,20.0,20.0,19.8,20.0,19.7,19.3,18.9,18.7,18.8,18.4,18.0,17.8,18.1,18.1,17.6,17.6,17.4,17.8,18.8,19.6,20.8,4.77,1.85,1.85,1.85,4.77,4.77,4.77,4.77,4.77,4.77,4.77,4.77,4.77,4.77,1.85,1.85,1.85,1.85,1.85,1.85,2.0,2.0,2.0,2.0,10,14,19,18,15,20,26,15,9,16,21,20,8,12,15,24,31,35,32,35,34,32,31,30,0.0
0.5,-0.86603,-0.97493,-0.22252,43.03,42.97,45.81,44.81,46.16,43.9,35.01,36.31,35.38,31.93,28.28,11.37,9.86,9.38,8.6,8.99,9.45,10.5,10.97,9.71,16.6,53.59,65.71,68.95,0.71,0.47,0.35,0.37,0.32,0.15,0.06,0.0,0.0,0.0,0.0,0.0,0.0,0.0,0.0,0.0,0.0,0.0,0.0,0.08,0.45,0.55,1.08,0.87,19.7,20.1,20.0,20.0,19.8,20.0,19.7,19.3,18.9,18.7,18.8,18.4,18.0,17.8,18.1,18.1,17.6,17.6,17.4,17.8,18.8,19.6,20.8,21.3,1.85,1.85,1.85,4.77,4.77,4.77,4.77,4.77,4.77,4.77,4.77,4.77,4.77,1.85,1.85,1.85,1.85,1.85,1.85,2.0,2.0,2.0,2.0,2.0,14,19,18,15,20,26,15,9,16,21,20,8,12,15,24,31,35,32,35,34,32,31,30,22,1.267
0.25882,-0.96593,-0.97493,-0.22252,42.97,45.81,44.81,46.16,43.9,35.01,36.31,35.38,31.93,28.28,11.37,9.86,9.38,8.6,8.99,9.45,10.5,10.97,9.71,16.6,53.59,65.71,68.95,71.23,0.47,0.35,0.37,0.32,0.15,0.06,0.0,0.0,0.0,0.0,0.0,0.0,0.0,0.0,0.0,0.0,0.0,0.0,0.08,0.45,0.55,1.08,0.87,0.93,20.1,20.0,20.0,19.8,20.0,19.7,19.3,18.9,18.7,18.8,18.4,18.0,17.8,18.1,18.1,17.6,17.6,17.4,17.8,18.8,19.6,20.8,21.3,21.8,1.85,1.85,4.77,4.77,4.77,4.77,4.77,4.77,4.77,4.77,4.77,4.77,1.85,1.85,1.85,1.85,1.85,1.85,2.0,2.0,2.0,2.0,2.0,1.85,19,18,15,20,26,15,9,16,21,20,8,12,15,24,31,35,32,35,34,32,31,30,22,14,4.617
0.0,-1.0,-0.97493,-0.22252,45.81,44.81,46.16,43.9,35.01,36.31,35.38,31.93,28.28,11.37,9.86,9.38,8.6,8.99,9.45,10.5,10.97,9.71,16.6,53.59,65.71,68.95,71.23,67.56,0.35,0.37,0.32,0.15,0.06,0.0,0.0,0.0,0.0,0.0,0.0,0.0,0.0,0.0,0.0,0.0,0.0,0.08,0.45,0.55,1.08,0.87,0.93,1.14,20.0,20.0,19.8,20.0,19.7,19.3,18.9,18.7,18.8,18.4,18.0,17.8,18.1,18.1,17.6,17.6,17.4,17.8,18.8,19.6,20.8,21.3,21.8,22.8,1.85,4.77,4.77,4.77,4.77,4.77,4.77,4.77,4.77,4.77,4.77,1.85,1.85,1.85,1.85,1.85,1.85,2.0,2.0,2.0,2.0,2.0,1.85,1.85,18,15,20,26,15,9,16,21,20,8,12,15,24,31,35,32,35,34,32,31,30,22,14,18,13.05
-0.25882,-0.96593,-0.97493,-0.22252,44.81,46.16,43.9,35.01,36.31,35.38,31.93,28.28,11.37,9.86,9.38,8.6,8.99,9.45,10.5,10.97,9.71,16.6,53.59,65.71,68.95,71.23,67.56,68.5,0.37,0.32,0.15,0.06,0.0,0.0,0.0,0.0,0.0,0.0,0.0,0.0,0.0,0.0,0.0,0.0,0.08,0.45,0.55,1.08,0.87,0.93,1.14,1.91,20.0,19.8,20.0,19.7,19.3,18.9,18.7,18.8,18.4,18.0,17.8,18.1,18.1,17.6,17.6,17.4,17.8,18.8,19.6,20.8,21.3,21.8,22.8,24.0,4.77,4.77,4.77,4.77,4.77,4.77,4.77,4.77,4.77,4.77,1.85,1.85,1.85,1.85,1.85,1.85,2.0,2.0,2.0,2.0,2.0,1.85,1.85,1.85,15,20,26,15,9,16,21,20,8,12,15,24,31,35,32,35,34,32,31,30,22,14,18,27,-3.807
-0.5,-0.86603,-0.97493,-0.22252,46.16,43.9,35.01,36.31,35.38,31.93,28.28,11.37,9.86,9.38,8.6,8.99,9.45,10.5,10.97,9.71,16.6,53.59,65.71,68.95,71.23,67.56,68.5,68.6,0.32,0.15,0.06,0.0,0.0,0.0,0.0,0.0,0.0,0.0,0.0,0.0,0.0,0.0,0.0,0.08,0.45,0.55,1.08,0.87,0.93,1.14,1.91,0.98,19.8,20.0,19.7,19.3,18.9,18.7,18.8,18.4,18.0,17.8,18.1,18.1,17.6,17.6,17.4,17.8,18.8,19.6,20.8,21.3,21.8,22.8,24.0,24.1,4.77,4.77,4.77,4.77,4.77,4.77,4.77,4.77,4.77,1.85,1.85,1.85,1.85,1.85,1.85,2.0,2.0,2.0,2.0,2.0,1.85,1.85,1.85,2.0,20,26,15,9,16,21,20,8,12,15,24,31,35,32,35,34,32,31,30,22,14,18,27,18,-3.644
-0.70711,-0.70711,-0.97493,-0.22252,43.9,35.01,36.31,35.38,31.93,28.28,11.37,9.86,9.38,8.6,8.99,9.45,10.5,10.97,9.71,16.6,53.59,65.71,68.95,71.23,67.56,68.5,68.6,70.73,0.15,0.06,0.0,0.0,0.0,0.0,0.0,0.0,0.0,0.0,0.0,0.0,0.0,0.0,0.08,0.45,0.55,1.08,0.87,0.93,1.14,1.91,0.98,0.42,20.0,19.7,19.3,18.9,18.7,18.8,18.4,18.0,17.8,18.1,18.1,17.6,17.6,17.4,17.8,18.8,19.6,20.8,21.3,21.8,22.8,24.0,24.1,23.6,4.77,4.77,4.77,4.77,4.77,4.77,4.77,4.77,1.85,1.85,1.85,1.85,1.85,1.85,2.0,2.0,2.0,2.0,2.0,1.85,1.85,1.85,2.0,2.0,26,15,9,16,21,20,8,12,15,24,31,35,32,35,34,32,31,30,22,14,18,27,18,19,1.106
-0.86603,-0.5,-0.97493,-0.22252,35.01,36.31,35.38,31.93,28.28,11.37,9.86,9.38,8.6,8.99,9.45,10.5,10.97,9.71,16.6,53.59,65.71,68.95,71.23,67.56,68.5,68.6,70.73,55.81,0.06,0.0,0.0,0.0,0.0,0.0,0.0,0.0,0.0,0.0,0.0,0.0,0.0,0.08,0.45,0.55,1.08,0.87,0.93,1.14,1.91,0.98,0.42,0.3,19.7,19.3,18.9,18.7,18.8,18.4,18.0,17.8,18.1,18.1,17.6,17.6,17.4,17.8,18.8,19.6,20.8,21.3,21.8,22.8,24.0,24.1,23.6,22.4,4.77,4.77,4.77,4.77,4.77,4.77,4.77,1.85,1.85,1.85,1.85,1.85,1.85,2.0,2.0,2.0,2.0,2.0,1.85,1.85,1.85,2.0,2.0,2.0,15,9,16,21,20,8,12,15,24,31,35,32,35,34,32,31,30,22,14,18,27,18,19,19,-9.677
-0.96593,-0.25882,-0.97493,-0.22252,36.31,35.38,31.93,28.28,11.37,9.86,9.38,8.6,8.99,9.45,10.5,10.97,9.71,16.6,53.59,65.71,68.95,71.23,67.56,68.5,68.6,70.73,55.81,37.14,0.0,0.0,0.0,0.0,0.0,0.0,0.0,0.0,0.0,0.0,0.0,0.0,0.08,0.45,0.55,1.08,0.87,0.93,1.14,1.91,0.98,0.42,0.3,0.14,19.3,18.9,18.7,18.8,18.4,18.0,17.8,18.1,18.1,17.6,17.6,17.4,17.8,18.8,19.6,20.8,21.3,21.8,22.8,24.0,24.1,23.6,22.4,21.5,4.77,4.77,4.77,4.77,4.77,4.77,1.85,1.85,1.85,1.85,1.85,1.85,2.0,2.0,2.0,2.0,2.0,1.85,1.85,1.85,2.0,2.0,2.0,2.0,9,16,21,20,8,12,15,24,31,35,32,35,34,32,31,30,22,14,18,27,18,19,19,25,-4.631
-1.0,-0.0,-0.97493,-0.22252,35.38,31.93,28.28,11.37,9.86,9.38,8.6,8.99,9.45,10.5,10.97,9.71,16.6,53.59,65.71,68.95,71.23,67.56,68.5,68.6,70.73,55.81,37.14,18.29,0.0,0.0,0.0,0.0,0.0,0.0,0.0,0.0,0.0,0.0,0.0,0.08,0.45,0.55,1.08,0.87,0.93,1.14,1.91,0.98,0.42,0.3,0.14,0.0,18.9,18.7,18.8,18.4,18.0,17.8,18.1,18.1,17.6,17.6,17.4,17.8,18.8,19.6,20.8,21.3,21.8,22.8,24.0,24.1,23.6,22.4,21.5,21.2,4.77,4.77,4.77,4.77,4.77,1.85,1.85,1.85,1.85,1.85,1.85,2.0,2.0,2.0,2.0,2.0,1.85,1.85,1.85,2.0,2.0,2.0,2.0,2.0,16,21,20,8,12,15,24,31,35,32,35,34,32,31,30,22,14,18,27,18,19,19,25,25,-4.439
-0.96593,0.25882,-0.97493,-0.22252,31.93,28.28,11.37,9.86,9.38,8.6,8.99,9.45,10.5,10.97,9.71,16.6,53.59,65.71,68.95,71.23,67.56,68.5,68.6,70.73,55.81,37.14,18.29,14.96,0.0,0.0,0.0,0.0,0.0,0.0,0.0,0.0,0.0,0.0,0.08,0.45,0.55,1.08,0.87,0.93,1.14,1.91,0.98,0.42,0.3,0.14,0.0,0.0,18.7,18.8,18.4,18.0,17.8,18.1,18.1,17.6,17.6,17.4,17.8,18.8,19.6,20.8,21.3,21.8,22.8,24.0,24.1,23.6,22.4,21.5,21.2,21.4,4.77,4.77,4.77,4.77,1.85,1.85,1.85,1.85,1.85,1.85,2.0,2.0,2.0,2.0,2.0,1.85,1.85,1.85,2.0,2.0,2.0,2.0,2.0,2.0,21,20,8,12,15,24,31,35,32,35,34,32,31,30,22,14,18,27,18,19,19,25,25,25,-11.657
0.86603,0.5,0.97493,-0.22252,11.35,9.89,13.24,21.82,26.38,28.09,37.35,35.36,41.85,41.21,37.25,36.68,41.83,46.36,47.42,44.94,39.81,12.83,9.46,9.14,8.95,9.2,9.62,10.83,0.0,0.01,0.05,0.15,0.18,0.57,0.34,0.83,0.54,0.41,0.37,0.33,0.22,0.0,0.0,0.0,0.0,0.0,0.0,0.0,0.0,0.0,0.0,0.0,14.4,14.4,14.9,14.5,14.7,15.7,15.0,15.6,15.8,15.9,16.0,15.9,15.5,15.2,15.2,15.4,15.3,14.7,14.3,14.1,14.1,14.0,13.8,14.2,1.85,4.77,4.77,4.77,4.77,4.77,1.85,1.85,1.85,4.77,4.77,4.77,4.77,4.77,4.77,4.77,4.77,4.77,4.77,1.85,1.85,1.85,1.85,1.85,38,35,37,17,19,34,38,33,29,29,25,25,23,12,16,19,25,26,27,31,37,39,40,39,1.117
0.96593,0.25882,0.97493,-0.22252,9.89,13.24,21.82,26.38,28.09,37.35,35.36,41.85,41.21,37.25,36.68,41.83,46.36,47.42,44.94,39.81,12.83,9.46,9.14,8.95,9.2,9.62,10.83,11.2,0.01,0.05,0.15,0.18,0.57,0.34,0.83,0.54,0.41,0.37,0.33,0.22,0.0,0.0,0.0,0.0,0.0,0.0,0.0,0.0,0.0,0.0,0.0,0.0,14.4,14.9,14.5,14.7,15.7,15.0,15.6,15.8,15.9,16.0,15.9,15.5,15.2,15.2,15.4,15.3,14.7,14.3,14.1,14.1,14.0,13.8,14.2,14.3,4.77,4.77,4.77,4.77,4.77,1.85,1.85,1.85,4.77,4.77,4.77,4.77,4.77,4.77,4.77,4.77,4.77,4.77,1.85,1.85,1.85,1.85,1.85,1.85,35,37,17,19,34,38,33,29,29,25,25,23,12,16,19,25,26,27,31,37,39,40,39,40,-5.153
1.0,0.0,0.97493,-0.22252,13.24,21.82,26.38,28.09,37.35,35.36,41.85,41.21,37.25,36.68,41.83,46.36,47.42,44.94,39.81,12.83,9.46,9.14,8.95,9.2,9.62,10.83,11.2,9.82,0.05,0.15,0.18,0.57,0.34,0.83,0.54,0.41,0.37,0.33,0.22,0.0,0.0,0.0,0.0,0.0,0.0,0.0,0.0,0.0,0.0,0.0,0.0,0.2,14.9,14.5,14.7,15.7,15.0,15.6,15.8,15.9,16.0,15.9,15.5,15.2,15.2,15.4,15.3,14.7,14.3,14.1,14.1,14.0,13.8,14.2,14.3,15.0,4.77,4.77,4.77,4.77,1.85,1.85,1.85,4.77,4.77,4.77,4.77,4.77,4.77,4.77,4.77,4.77,4.77,1.85,1.85,1.85,1.85,1.85,1.85,4.77,37,17,19,34,38,33,29,29,25,25,23,12,16,19,25,26,27,31,37,39,40,39,40,36,6.643
0.96593,-0.25882,-0.43388,-0.90097,26.46,30.18,33.57,42.51,45.05,48.53,46.33,46.12,46.99,50.31,54.35,54.89,49.29,42.98,12.3,9.83,9.42,9.24,9.6,9.83,10.67,11.26,10.05,13.83,1.19,1.41,3.11,3.39,3.35,3.06,2.53,1.56,0.64,0.18,0.0,0.0,0.0,0.0,0.0,0.0,0.0,0.0,0.0,0.0,0.0,0.0,0.14,0.49,19.0,20.3,22.1,22.7,23.3,23.4,23.2,22.1,21.1,20.2,19.9,19.8,19.9,19.8,19.8,19.7,18.3,18.7,18.4,18.2,17.8,17.7,17.8,18.7,4.77,4.77,4.77,1.85,1.85,1.85,4.77,4.77,4.77,4.77,4.77,4.77,4.77,4.77,4.77,4.77,1.85,1.85,1.85,1.85,1.85,1.85,4.77,4.77,4,7,17,21,23,23,29,28,21,9,13,11,8,21,14,12,19,19,32,37,38,39,33,16,-14.0
0.86603,-0.5,-0.43388,-0.90097,30.18,33.57,42.51,45.05,48.53,46.33,46.12,46.99,50.31,54.35,54.89,49.29,42.98,12.3,9.83,9.42,9.24,9.6,9.83,10.67,11.26,10.05,13.83,37.37,1.41,3.11,3.39,3.35,3.06,2.53,1.56,0.64,0.18,0.0,0.0,0.0,0.0,0.0,0.0,0.0,0.0,0.0,0.0,0.0,0.0,0.14,0.49,0.96,20.3,22.1,22.7,23.3,23.4,23.2,22.1,21.1,20.2,19.9,19.8,19.9,19.8,19.8,19.7,18.3,18.7,18.4,18.2,17.8,17.7,17.8,18.7,20.0,4.77,4.77,1.85,1.85,1.85,4.77,4.77,4.77,4.77,4.77,4.77,4.77,4.77,4.77,4.77,1.85,1.85,1.85,1.85,1.85,1.85,4.77,4.77,4.77,7,17,21,23,23,29,28,21,9,13,11,8,21,14,12,19,19,32,37,38,39,33,16,6,-1.453
0.70711,-0.70711,-0.43388,-0.90097,33.57,42.51,45.05,48.53,46.33,46.12,46.99,50.31,54.35,54.89,49.29,42.98,12.3,9.83,9.42,9.24,9.6,9.83,10.67,11.26,10.05,13.83,37.37,45.31,3.11,3.39,3.35,3.06,2.53,1.56,0.64,0.18,0.0,0.0,0.0,0.0,0.0,0.0,0.0,0.0,0.0,0.0,0.0,0.0,0.14,0.49,0.96,1.95,22.1,22.7,23.3,23.4,23.2,22.1,21.1,20.2,19.9,19.8,19.9,19.8,19.8,19.7,18.3,18.7,18.4,18.2,17.8,17.7,17.8,18.7,20.0,22.6,4.77,1.85,1.85,1.85,4.77,4.77,4.77,4.77,4.77,4.77,4.77,4.77,4.77,4.77,1.85,1.85,1.85,1.85,1.85,1.85,4.77,4.77,4.77,4.77,17,21,23,23,29,28,21,9,13,11,8,21,14,12,19,19,32,37,38,39,33,16,6,17,14.0
0.5,-0.86603,-0.43388,-0.90097,42.51,45.05,48.53,46.33,46.12,46.99,50.31,54.35,54.89,49.29,42.98,12.3,9.83,9.42,9.24,9.6,9.83,10.67,11.26,10.05,13.83,37.37,45.31,44.34,3.39,3.35,3.06,2.53,1.56,0.64,0.18,0.0,0.0,0.0,0.0,0.0,0.0,0.0,0.0,0.0,0.0,0.0,0.0,0.14,0.49,0.96,1.95,2.84,22.7,23.3,23.4,23.2,22.1,21.1,20.2,19.9,19.8,19.9,19.8,19.8,19.7,18.3,18.7,18.4,18.2,17.8,17.7,17.8,18.7,20.0,22.6,25.0,1.85,1.85,1.85,4.77,4.77,4.77,4.77,4.77,4.77,4.77,4.77,4.77,4.77,1.85,1.85,1.85,1.85,1.85,1.85,4.77,4.77,4.77,4.77,4.77,21,23,23,29,28,21,9,13,11,8,21,14,12,19,19,32,37,38,39,33,16,6,17,21,14.0
0.25882,-0.96593,-0.43388,-0.90097,45.05,48.53,46.33,46.12,46.99,50.31,54.35,54.89,49.29,42.98,12.3,9.83,9.42,9.24,9.6,9.83,10.67,11.26,10.05,13.83,37.37,45.31,44.34,44.98,3.35,3.06,2.53,1.56,0.64,0.18,0.0,0.0,0.0,0.0,0.0,0.0,0.0,0.0,0.0,0.0,0.0,0.0,0.14,0.49,0.96,1.95,2.84,3.17,23.3,23.4,23.2,22.1,21.1,20.2,19.9,19.8,19.9,19.8,19.8,19.7,18.3,18.7,18.4,18.2,17.8,17.7,17.8,18.7,20.0,22.6,25.0,26.0,1.85,1.85,4.77,4.77,4.77,4.77,4.77,4.77,4.77,4.77,4.77,4.77,1.85,1.85,1.85,1.85,1.85,1.85,4.77,4.77,4.77,4.77,4.77,1.85,23,23,29,28,21,9,13,11,8,21,14,12,19,19,32,37,38,39,33,16,6,17,21,27,14.0
0.0,-1.0,-0.43388,-0.90097,48.53,46.33,46.12,46.99,50.31,54.35,54.89,49.29,42.98,12.3,9.83,9.42,9.24,9.6,9.83,10.67,11.26,10.05,13.83,37.37,45.31,44.34,44.98,51.6,3.06,2.53,1.56,0.64,0.18,0.0,0.0,0.0,0.0,0.0,0.0,0.0,0.0,0.0,0.0,0.0,0.0,0.14,0.49,0.96,1.95,2.84,3.17,3.0,23.4,23.2,22.1,21.1,20.2,19.9,19.8,19.9,19.8,19.8,19.7,18.3,18.7,18.4,18.2,17.8,17.7,17.8,18.7,20.0,22.6,25.0,26.0,26.8,1.85,4.77,4.77,4.77,4.77,4.77,4.77,4.77,4.77,4.77,4.77,1.85,1.85,1.85,1.85,1.85,1.85,4.77,4.77,4.77,4.77,4.77,1.85,1.85,23,29,28,21,9,13,11,8,21,14,12,19,19,32,37,38,39,33,16,6,17,21,27,22,14.0
-0.25882,-0.96593,-0.43388,-0.90097,46.33,46.12,46.99,50.31,54.35,54.89,49.29,42.98,12.3,9.83,9.42,9.24,9.6,9.83,10.67,11.26,10.05,13.83,37.37,45.31,44.34,44.98,51.6,57.31,2.53,1.56,0.64,0.18,0.0,0.0,0.0,0.0,0.0,0.0,0.0,0.0,0.0,0.0,0.0,0.0,0.14,0.49,0.96,1.95,2.84,3.17,3.0,2.81,23.2,22.1,21.1,20.2,19.9,19.8,19.9,19.8,19.8,19.7,18.3,18.7,18.4,18.2,17.8,17.7,17.8,18.7,20.0,22.6,25.0,26.0,26.8,26.9,4.77,4.77,4.77,4.77,4.77,4.77,4.77,4.77,4.77,4.77,1.85,1.85,1.85,1.85,1.85,1.85,4.77,4.77,4.77,4.77,4.77,1.85,1.85,1.85,29,28,21,9,13,11,8,21,14,12,19,19,32,37,38,39,33,16,6,17,21,27,22,25,3.327
-0.5,-0.86603,-0.43388,-0.90097,46.12,46.99,50.31,54.35,54.89,49.29,42.98,12.3,9.83,9.42,9.24,9.6,9.83,10.67,11.26,10.05,13.83,37.37,45.31,44.34,44.98,51.6,57.31,55.41,1.56,0.64,0.18,0.0,0.0,0.0,0.0,0.0,0.0,0.0,0.0,0.0,0.0,0.0,0.0,0.14,0.49,0.96,1.95,2.84,3.17,3.0,2.81,2.13,22.1,21.1,20.2,19.9,19.8,19.9,19.8,19.8,19.7,18.3,18.7,18.4,18.2,17.8,17.7,17.8,18.7,20.0,22.6,25.0,26.0,26.8,26.9,26.6,4.77,4.77,4.77,4.77,4.77,4.77,4.77,4.77,4.77,1.85,1.85,1.85,1.85,1.85,1.85,4.77,4.77,4.77,4.77,4.77,1.85,1.85,1.85,4.77,28,21,9,13,11,8,21,14,12,19,19,32,37,38,39,33,16,6,17,21,27,22,25,24,-6.466
-0.70711,-0.70711,-0.43388,-0.90097,46.99,50.31,54.35,54.89,49.29,42.98,12.3,9.83,9.42,9.24,9.6,9.83,10.67,11.26,10.05,13.83,37.37,45.31,44.34,44.98,51.6,57.31,55.41,54.03,0.64,0.18,0.0,0.0,0.0,0.0,0.0,0.0,0.0,0.0,0.0,0.0,0.0,0.0,0.14,0.49,0.96,1.95,2.84,3.17,3.0,2.81,2.13,0.96,21.1,20.2,19.9,19.8,19.9,19.8,19.8,19.7,18.3,18.7,18.4,18.2,17.8,17.7,17.8,18.7,20.0,22.6,25.0,26.0,26.8,26.9,26.6,25.2,4.77,4.77,4.77,4.77,4.77,4.77,4.77,4.77,1.85,1.85,1.85,1.85,1.85,1.85,4.77,4.77,4.77,4.77,4.77,1.85,1.85,1.85,4.77,4.77,21,9,13,11,8,21,14,12,19,19,32,37,38,39,33,16,6,17,21,27,22,25,24,25,-9.883
-0.86603,-0.5,-0.43388,-0.90097,50.31,54.35,54.89,49.29,42.98,12.3,9.83,9.42,9.24,9.6,9.83,10.67,11.26,10.05,13.83,37.37,45.31,44.34,44.98,51.6,57.31,55.41,54.03,49.59,0.18,0.0,0.0,0.0,0.0,0.0,0.0,0.0,0.0,0.0,0.0,0.0,0.0,0.14,0.49,0.96,1.95,2.84,3.17,3.0,2.81,2.13,0.96,0.41,20.2,19.9,19.8,19.9,19.8,19.8,19.7,18.3,18.7,18.4,18.2,17.8,17.7,17.8,18.7,20.0,22.6,25.0,26.0,26.8,26.9,26.6,25.2,24.4,4.77,4.77,4.77,4.77,4.77,4.77,4.77,1.85,1.85,1.85,1.85,1.85,1.85,4.77,4.77,4.77,4.77,4.77,1.85,1.85,1.85,4.77,4.77,4.77,9,13,11,8,21,14,12,19,19,32,37,38,39,33,16,6,17,21,27,22,25,24,25,23,-3.161
-0.96593,-0.25882,-0.43388,-0.90097,54.35,54.89,49.29,42.98,12.3,9.83,9.42,9.24,9.6,9.83,10.67,11.26,10.05,13.83,37.37,45.31,44.34,44.98,51.6,57.31,55.41,54.03,49.59,48.27,0.0,0.0,0.0,0.0,0.0,0.0,0.0,0.0,0.0,0.0,0.0,0.0,0.14,0.49,0.96,1.95,2.84,3.17,3.0,2.81,2.13,0.96,0.41,0.12,19.9,19.8,19.9,19.8,19.8,19.7,18.3,18.7,18.4,18.2,17.8,17.7,17.8,18.7,20.0,22.6,25.0,26.0,26.8,26.9,26.6,25.2,24.4,23.6,4.77,4.77,4.77,4.77,4.77,4.77,1.85,1.85,1.85,1.85,1.85,1.85,4.77,4.77,4.77,4.77,4.77,1.85,1.85,1.85,4.77,4.77,4.77,4.77,13,11,8,21,14,12,19,19,32,37,38,39,33,16,6,17,21,27,22,25,24,25,23,25,-10.573
-1.0,-0.0,-0.43388,-0.90097,54.89,49.29,42.98,12.3,9.83,9.42,9.24,9.6,9.83,10.67,11.26,10.05,13.83,37.37,45.31,44.34,44.98,51.6,57.31,55.41,54.03,49.59,48.27,49.09,0.0,0.0,0.0,0.0,0.0,0.0,0.0,0.0,0.0,0.0,0.0,0.14,0.49,0.96,1.95,2.84,3.17,3.0,2.81,2.13,0.96,0.41,0.12,0.0,19.8,19.9,19.8,19.8,19.7,18.3,18.7,18.4,18.2,17.8,17.7,17.8,18.7,20.0,22.6,25.0,26.0,26.8,26.9,26.6,25.2,24.4,23.6,23.4,4.77,4.77,4.77,4.77,4.77,1.85,1.85,1.85,1.85,1.85,1.85,4.77,4.77,4.77,4.77,4.77,1.85,1.85,1.85,4.77,4.77,4.77,4.77,4.77,11,8,21,14,12,19,19,32,37,38,39,33,16,6,17,21,27,22,25,24,25,23,25,20,-11.85
-0.96593,0.25882,-0.43388,-0.90097,49.29,42.98,12.3,9.83,9.42,9.24,9.6,9.83,10.67,11.26,10.05,13.83,37.37,45.31,44.34,44.98,51.6,57.31,55.41,54.03,49.59,48.27,49.09,47.97,0.0,0.0,0.0,0.0,0.0,0.0,0.0,0.0,0.0,0.0,0.14,0.49,0.96,1.95,2.84,3.17,3.0,2.81,2.13,0.96,0.41,0.12,0.0,0.0,19.9,19.8,19.8,19.7,18.3,18.7,18.4,18.2,17.8,17.7,17.8,18.7,20.0,22.6,25.0,26.0,26.8,26.9,26.6,25.2,24.4,23.6,23.4,22.8,4.77,4.77,4.77,4.77,1.85,1.85,1.85,1.85,1.85,1.85,4.77,4.77,4.77,4.77,4.77,1.85,1.85,1.85,4.77,4.77,4.77,4.77,4.77,4.77,8,21,14,12,19,19,32,37,38,39,33,16,6,17,21,27,22,25,24,25,23,25,20,17,-13.717
-0.86603,0.5,-0.43388,-0.90097,42.98,12.3,9.83,9.42,9.24,9.6,9.83,10.67,11.26,10.05,13.83,37.37,45.31,44.34,44.98,51.6,57.31,55.41,54.03,49.59,48.27,49.09,47.97,44.09,0.0,0.0,0.0,0.0,0.0,0.0,0.0,0.0,0.0,0.14,0.49,0.96,1.95,2.84,3.17,3.0,2.81,2.13,0.96,0.41,0.12,0.0,0.0,0.0,19.8,19.8,19.7,18.3,18.7,18.4,18.2,17.8,17.7,17.8,18.7,20.0,22.6,25.0,26.0,26.8,26.9,26.6,25.2,24.4,23.6,23.4,22.8,22.1,4.77,4.77,4.77,1.85,1.85,1.85,1.85,1.85,1.85,4.77,4.77,4.77,4.77,4.77,1.85,1.85,1.85,4.77,4.77,4.77,4.77,4.77,4.77,4.77,21,14,12,19,19,32,37,38,39,33,16,6,17,21,27,22,25,24,25,23,25,20,17,22,-11.817
-0.70711,0.70711,-0.43388,-0.90097,12.3,9.83,9.42,9.24,9.6,9.83,10.67,11.26,10.05,13.83,37.37,45.31,44.34,44.98,51.6,57.31,55.41,54.03,49.59,48.27,49.09,47.97,44.09,37.99,0.0,0.0,0.0,0.0,0.0,0.0,0.0,0.0,0.14,0.49,0.96,1.95,2.84,3.17,3.0,2.81,2.13,0.96,0.41,0.12,0.0,0.0,0.0,0.0,19.8,19.7,18.3,18.7,18.4,18.2,17.8,17.7,17.8,18.7,20.0,22.6,25.0,26.0,26.8,26.9,26.6,25.2,24.4,23.6,23.4,22.8,22.1,21.3,4.77,4.77,1.85,1.85,1.85,1.85,1.85,1.85,4.77,4.77,4.77,4.77,4.77,1.85,1.85,1.85,4.77,4.77,4.77,4.77,4.77,4.77,4.77,4.77,14,12,19,19,32,37,38,39,33,16,6,17,21,27,22,25,24,25,23,25,20,17,22,3,-12.91
-0.5,0.86603,-0.43388,-0.90097,9.83,9.42,9.24,9.6,9.83,10.67,11.26,10.05,13.83,37.37,45.31,44.34,44.98,51.6,57.31,55.41,54.03,49.59,48.27,49.09,47.97,44.09,37.99,12.91,0.0,0.0,0.0,0.0,0.0,0.0,0.0,0.14,0.49,0.96,1.95,2.84,3.17,3.0,2.81,2.13,0.96,0.41,0.12,0.0,0.0,0.0,0.0,0.0,19.7,18.3,18.7,18.4,18.2,17.8,17.7,17.8,18.7,20.0,22.6,25.0,26.0,26.8,26.9,26.6,25.2,24.4,23.6,23.4,22.8,22.1,21.3,20.9,4.77,1.85,1.85,1.85,1.85,1.85,1.85,4.77,4.77,4.77,4.77,4.77,1.85,1.85,1.85,4.77,4.77,4.77,4.77,4.77,4.77,4.77,4.77,4.77,12,19,19,32,37,38,39,33,16,6,17,21,27,22,25,24,25,23,25,20,17,22,3,13,-10.27
-0.25882,0.96593,-0.43388,-0.90097,9.42,9.24,9.6,9.83,10.67,11.26,10.05,13.83,37.37,45.31,44.34,44.98,51.6,57.31,55.41,54.03,49.59,48.27,49.09,47.97,44.09,37.99,12.91,10.27,0.0,0.0,0.0,0.0,0.0,0.0,0.14,0.49,0.96,1.95,2.84,3.17,3.0,2.81,2.13,0.96,0.41,0.12,0.0,0.0,0.0,0.0,0.0,0.0,18.3,18.7,18.4,18.2,17.8,17.7,17.8,18.7,20.0,22.6,25.0,26.0,26.8,26.9,26.6,25.2,24.4,23.6,23.4,22.8,22.1,21.3,20.9,20.7,1.85,1.85,1.85,1.85,1.85,1.85,4.77,4.77,4.77,4.77,4.77,1.85,1.85,1.85,4.77,4.77,4.77,4.77,4.77,4.77,4.77,4.77,4.77,4.77,19,19,32,37,38,39,33,16,6,17,21,27,22,25,24,25,23,25,20,17,22,3,13,23,2.117
0.0,1.0,-0.97493,-0.22252,9.24,9.6,9.83,10.67,11.26,10.05,13.83,37.37,45.31,44.34,44.98,51.6,57.31,55.41,54.03,49.59,48.27,49.09,47.97,44.09,37.99,12.91,10.27,10.09,0.0,0.0,0.0,0.0,0.0,0.14,0.49,0.96,1.95,2.84,3.17,3.0,2.81,2.13,0.96,0.41,0.12,0.0,0.0,0.0,0.0,0.0,0.0,0.0,18.7,18.4,18.2,17.8,17.7,17.8,18.7,20.0,22.6,25.0,26.0,26.8,26.9,26.6,25.2,24.4,23.6,23.4,22.8,22.1,21.3,20.9,20.7,20.2,1.85,1.85,1.85,1.85,1.85,4.77,4.77,4.77,4.77,4.77,1.85,1.85,1.85,4.77,4.77,4.77,4.77,4.77,4.77,4.77,4.77,4.77,4.77,1.85,19,32,37,38,39,33,16,6,17,21,27,22,25,24,25,23,25,20,17,22,3,13,23,25,2.333
0.25882,0.96593,-0.97493,-0.22252,9.6,9.83,10.67,11.26,10.05,13.83,37.37,45.31,44.34,44.98,51.6,57.31,55.41,54.03,49.59,48.27,49.09,47.97,44.09,37.99,12.91,10.27,10.09,9.86,0.0,0.0,0.0,0.0,0.14,0.49,0.96,1.95,2.84,3.17,3.0,2.81,2.13,0.96,0.41,0.12,0.0,0.0,0.0,0.0,0.0,0.0,0.0,0.0,18.4,18.2,17.8,17.7,17.8,18.7,20.0,22.6,25.0,26.0,26.8,26.9,26.6,25.2,24.4,23.6,23.4,22.8,22.1,21.3,20.9,20.7,20.2,19.9,1.85,1.85,1.85,1.85,4.77,4.77,4.77,4.77,4.77,1.85,1.85,1.85,4.77,4.77,4.77,4.77,4.77,4.77,4.77,4.77,4.77,4.77,1.85,1.85,32,37,38,39,33,16,6,17,21,27,22,25,24,25,23,25,20,17,22,3,13,23,25,27,5.267
0.5,0.86603,-0.97493,-0.22252,9.83,10.67,11.26,10.05,13.83,37.37,45.31,44.34,44.98,51.6,57.31,55.41,54.03,49.59,48.27,49.09,47.97,44.09,37.99,12.91,10.27,10.09,9.86,10.34,0.0,0.0,0.0,0.14,0.49,0.96,1.95,2.84,3.17,3.0,2.81,2.13,0.96,0.41,0.12,0.0,0.0,0.0,0.0,0.0,0.0,0.0,0.0,0.0,18.2,17.8,17.7,17.8,18.7,20.0,22.6,25.0,26.0,26.8,26.9,26.6,25.2,24.4,23.6,23.4,22.8,22.1,21.3,20.9,20.7,20.2,19.9,19.5,1.85,1.85,1.85,4.77,4.77,4.77,4.77,4.77,1.85,1.85,1.85,4.77,4.77,4.77,4.77,4.77,4.77,4.77,4.77,4.77,4.77,1.85,1.85,1.85,37,38,39,33,16,6,17,21,27,22,25,24,25,23,25,20,17,22,3,13,23,25,27,28,6.217
0.70711,0.70711,-0.97493,-0.22252,10.67,11.26,10.05,13.83,37.37,45.31,44.34,44.98,51.6,57.31,55.41,54.03,49.59,48.27,49.09,47.97,44.09,37.99,12.91,10.27,10.09,9.86,10.34,10.26,0.0,0.0,0.14,0.49,0.96,1.95,2.84,3.17,3.0,2.81,2.13,0.96,0.41,0.12,0.0,0.0,0.0,0.0,0.0,0.0,0.0,0.0,0.0,0.0,17.8,17.7,17.8,18.7,20.0,22.6,25.0,26.0,26.8,26.9,26.6,25.2,24.4,23.6,23.4,22.8,22.1,21.3,20.9,20.7,20.2,19.9,19.5,19.3,1.85,1.85,4.77,4.77,4.77,4.77,4.77,1.85,1.85,1.85,4.77,4.77,4.77,4.77,4.77,4.77,4.77,4.77,4.77,4.77,1.85,1.85,1.85,1.85,38,39,33,16,6,17,21,27,22,25,24,25,23,25,20,17,22,3,13,23,25,27,28,29,8.167
0.86603,0.5,-0.97493,-0.22252,11.26,10.05,13.83,37.37,45.31,44.34,44.98,51.6,57.31,55.41,54.03,49.59,48.27,49.09,47.97,44.09,37.99,12.91,10.27,10.09,9.86,10.34,10.26,11.43,0.0,0.14,0.49,0.96,1.95,2.84,3.17,3.0,2.81,2.13,0.96,0.41,0.12,0.0,0.0,0.0,0.0,0.0,0.0,0.0,0.0,0.0,0.0,0.0,17.7,17.8,18.7,20.0,22.6,25.0,26.0,26.8,26.9,26.6,25.2,24.4,23.6,23.4,22.8,22.1,21.3,20.9,20.7,20.2,19.9,19.5,19.3,19.3,1.85,4.77,4.77,4.77,4.77,4.77,1.85,1.85,1.85,4.77,4.77,4.77,4.77,4.77,4.77,4.77,4.77,4.77,4.77,1.85,1.85,1.85,1.85,1.85,39,33,16,6,17,21,27,22,25,24,25,23,25,20,17,22,3,13,23,25,27,28,29,30,11.4
0.96593,0.25882,-0.97493,-0.22252,10.05,13.83,37.37,45.31,44.34,44.98,51.6,57.31,55.41,54.03,49.59,48.27,49.09,47.97,44.09,37.99,12.91,10.27,10.09,9.86,10.34,10.26,11.43,12.04,0.14,0.49,0.96,1.95,2.84,3.17,3.0,2.81,2.13,0.96,0.41,0.12,0.0,0.0,0.0,0.0,0.0,0.0,0.0,0.0,0.0,0.0,0.0,0.0,17.8,18.7,20.0,22.6,25.0,26.0,26.8,26.9,26.6,25.2,24.4,23.6,23.4,22.8,22.1,21.3,20.9,20.7,20.2,19.9,19.5,19.3,19.3,19.0,4.77,4.77,4.77,4.77,4.77,1.85,1.85,1.85,4.77,4.77,4.77,4.77,4.77,4.77,4.77,4.77,4.77,4.77,1.85,1.85,1.85,1.85,1.85,1.85,33,16,6,17,21,27,22,25,24,25,23,25,20,17,22,3,13,23,25,27,28,29,30,33,5.417
1.0,0.0,-0.97493,-0.22252,13.83,37.37,45.31,44.34,44.98,51.6,57.31,55.41,54.03,49.59,48.27,49.09,47.97,44.09,37.99,12.91,10.27,10.09,9.86,10.34,10.26,11.43,12.04,10.56,0.49,0.96,1.95,2.84,3.17,3.0,2.81,2.13,0.96,0.41,0.12,0.0,0.0,0.0,0.0,0.0,0.0,0.0,0.0,0.0,0.0,0.0,0.0,0.15,18.7,20.0,22.6,25.0,26.0,26.8,26.9,26.6,25.2,24.4,23.6,23.4,22.8,22.1,21.3,20.9,20.7,20.2,19.9,19.5,19.3,19.3,19.0,19.6,4.77,4.77,4.77,4.77,1.85,1.85,1.85,4.77,4.77,4.77,4.77,4.77,4.77,4.77,4.77,4.77,4.77,1.85,1.85,1.85,1.85,1.85,1.85,2.0,16,6,17,21,27,22,25,24,25,23,25,20,17,22,3,13,23,25,27,28,29,30,33,31,3.105
0.96593,-0.25882,-0.97493,-0.22252,37.37,45.31,44.34,44.98,51.6,57.31,55.41,54.03,49.59,48.27,49.09,47.97,44.09,37.99,12.91,10.27,10.09,9.86,10.34,10.26,11.43,12.04,10.56,18.57,0.96,1.95,2.84,3.17,3.0,2.81,2.13,0.96,0.41,0.12,0.0,0.0,0.0,0.0,0.0,0.0,0.0,0.0,0.0,0.0,0.0,0.0,0.15,0.76,20.0,22.6,25.0,26.0,26.8,26.9,26.6,25.2,24.4,23.6,23.4,22.8,22.1,21.3,20.9,20.7,20.2,19.9,19.5,19.3,19.3,19.0,19.6,21.6,4.77,4.77,4.77,1.85,1.85,1.85,4.77,4.77,4.77,4.77,4.77,4.77,4.77,4.77,4.77,4.77,1.85,1.85,1.85,1.85,1.85,1.85,2.0,2.0,6,17,21,27,22,25,24,25,23,25,20,17,22,3,13,23,25,27,28,29,30,33,31,28,-0.999
0.86603,-0.5,-0.97493,-0.22252,45.31,44.34,44.98,51.6,57.31,55.41,54.03,49.59,48.27,49.09,47.97,44.09,37.99,12.91,10.27,10.09,9.86,10.34,10.26,11.43,12.04,10.56,18.57,62.75,1.95,2.84,3.17,3.0,2.81,2.13,0.96,0.41,0.12,0.0,0.0,0.0,0.0,0.0,0.0,0.0,0.0,0.0,0.0,0.0,0.0,0.15,0.76,1.51,22.6,25.0,26.0,26.8,26.9,26.6,25.2,24.4,23.6,23.4,22.8,22.1,21.3,20.9,20.7,20.2,19.9,19.5,19.3,19.3,19.0,19.6,21.6,23.7,4.77,4.77,1.85,1.85,1.85,4.77,4.77,4.77,4.77,4.77,4.77,4.77,4.77,4.77,4.77,1.85,1.85,1.85,1.85,1.85,1.85,2.0,2.0,2.0,17,21,27,22,25,24,25,23,25,20,17,22,3,13,23,25,27,28,29,30,33,31,28,26,0.0
0.70711,-0.70711,-0.97493,-0.22252,44.34,44.98,51.6,57.31,55.41,54.03,49.59,48.27,49.09,47.97,44.09,37.99,12.91,10.27,10.09,9.86,10.34,10.26,11.43,12.04,10.56,18.57,62.75,82.88,2.84,3.17,3.0,2.81,2.13,0.96,0.41,0.12,0.0,0.0,0.0,0.0,0.0,0.0,0.0,0.0,0.0,0.0,0.0,0.0,0.15,0.76,1.51,1.99,25.0,26.0,26.8,26.9,26.6,25.2,24.4,23.6,23.4,22.8,22.1,21.3,20.9,20.7,20.2,19.9,19.5,19.3,19.3,19.0,19.6,21.6,23.7,25.5,4.77,1.85,1.85,1.85,4.77,4.77,4.77,4.77,4.77,4.77,4.77,4.77,4.77,4.77,1.85,1.85,1.85,1.85,1.85,1.85,2.0,2.0,2.0,2.0,21,27,22,25,24,25,23,25,20,17,22,3,13,23,25,27,28,29,30,33,31,28,26,29,0.0
0.5,-0.86603,-0.97493,-0.22252,44.98,51.6,57.31,55.41,54.03,49.59,48.27,49.09,47.97,44.09,37.99,12.91,10.27,10.09,9.86,10.34,10.26,11.43,12.04,10.56,18.57,62.75,82.88,86.15,3.17,3.0,2.81,2.13,0.96,0.41,0.12,0.0,0.0,0.0,0.0,0.0,0.0,0.0,0.0,0.0,0.0,0.0,0.0,0.15,0.76,1.51,1.99,2.46,26.0,26.8,26.9,26.6,25.2,24.4,23.6,23.4,22.8,22.1,21.3,20.9,20.7,20.2,19.9,19.5,19.3,19.3,19.0,19.6,21.6,23.7,25.5,27.8,1.85,1.85,1.85,4.77,4.77,4.77,4.77,4.77,4.77,4.77,4.77,4.77,4.77,1.85,1.85,1.85,1.85,1.85,1.85,2.0,2.0,2.0,2.0,2.0,27,22,25,24,25,23,25,20,17,22,3,13,23,25,27,28,29,30,33,31,28,26,29,27,3.75
0.25882,-0.96593,-0.97493,-0.22252,51.6,57.31,55.41,54.03,49.59,48.27,49.09,47.97,44.09,37.99,12.91,10.27,10.09,9.86,10.34,10.26,11.43,12.04,10.56,18.57,62.75,82.88,86.15,88.47,3.0,2.81,2.13,0.96,0.41,0.12,0.0,0.0,0.0,0.0,0.0,0.0,0.0,0.0,0.0,0.0,0.0,0.0,0.15,0.76,1.51,1.99,2.46,2.71,26.8,26.9,26.6,25.2,24.4,23.6,23.4,22.8,22.1,21.3,20.9,20.7,20.2,19.9,19.5,19.3,19.3,19.0,19.6,21.6,23.7,25.5,27.8,29.0,1.85,1.85,4.77,4.77,4.77,4.77,4.77,4.77,4.77,4.77,4.77,4.77,1.85,1.85,1.85,1.85,1.85,1.85,2.0,2.0,2.0,2.0,2.0,1.85,22,25,24,25,23,25,20,17,22,3,13,23,25,27,28,29,30,33,31,28,26,29,27,19,2.1
0.0,-1.0,-0.97493,-0.22252,57.31,55.41,54.03,49.59,48.27,49.09,47.97,44.09,37.99,12.91,10.27,10.09,9.86,10.34,10.26,11.43,12.04,10.56,18.57,62.75,82.88,86.15,88.47,87.79,2.81,2.13,0.96,0.41,0.12,0.0,0.0,0.0,0.0,0.0,0.0,0.0,0.0,0.0,0.0,0.0,0.0,0.15,0.76,1.51,1.99,2.46,2.71,2.71,26.9,26.6,25.2,24.4,23.6,23.4,22.8,22.1,21.3,20.9,20.7,20.2,19.9,19.5,19.3,19.3,19.0,19.6,21.6,23.7,25.5,27.8,29.0,29.4,1.85,4.77,4.77,4.77,4.77,4.77,4.77,4.77,4.77,4.77,4.77,1.85,1.85,1.85,1.85,1.85,1.85,2.0,2.0,2.0,2.0,2.0,1.85,1.85,25,24,25,23,25,20,17,22,3,13,23,25,27,28,29,30,33,31,28,26,29,27,19,15,10.117
-0.25882,-0.96593,-0.97493,-0.22252,55.41,54.03,49.59,48.27,49.09,47.97,44.09,37.99,12.91,10.27,10.09,9.86,10.34,10.26,11.43,12.04,10.56,18.57,62.75,82.88,86.15,88.47,87.79,89.7,2.13,0.96,0.41,0.12,0.0,0.0,0.0,0.0,0.0,0.0,0.0,0.0,0.0,0.0,0.0,0.0,0.15,0.76,1.51,1.99,2.46,2.71,2.71,2.37,26.6,25.2,24.4,23.6,23.4,22.8,22.1,21.3,20.9,20.7,20.2,19.9,19.5,19.3,19.3,19.0,19.6,21.6,23.7,25.5,27.8,29.0,29.4,30.0,4.77,4.77,4.77,4.77,4.77,4.77,4.77,4.77,4.77,4.77,1.85,1.85,1.85,1.85,1.85,1.85,2.0,2.0,2.0,2.0,2.0,1.85,1.85,1.85,24,25,23,25,20,17,22,3,13,23,25,27,28,29,30,33,31,28,26,29,27,19,15,21,-0.295
-0.5,-0.86603,-0.97493,-0.22252,54.03,49.59,48.27,49.09,47.97,44.09,37.99,12.91,10.27,10.09,9.86,10.34,10.26,11.43,12.04,10.56,18.57,62.75,82.88,86.15,88.47,87.79,89.7,90.79,0.96,0.41,0.12,0.0,0.0,0.0,0.0,0.0,0.0,0.0,0.0,0.0,0.0,0.0,0.0,0.15,0.76,1.51,1.99,2.46,2.71,2.71,2.37,2.3,25.2,24.4,23.6,23.4,22.8,22.1,21.3,20.9,20.7,20.2,19.9,19.5,19.3,19.3,19.0,19.6,21.6,23.7,25.5,27.8,29.0,29.4,30.0,29.0,4.77,4.77,4.77,4.77,4.77,4.77,4.77,4.77,4.77,1.85,1.85,1.85,1.85,1.85,1.85,2.0,2.0,2.0,2.0,2.0,1.85,1.85,1.85,2.0,25,23,25,20,17,22,3,13,23,25,27,28,29,30,33,31,28,26,29,27,19,15,21,21,-0.591
-0.70711,-0.70711,-0.97493,-0.22252,49.59,48.27,49.09,47.97,44.09,37.99,12.91,10.27,10.09,9.86,10.34,10.26,11.43,12.04,10.56,18.57,62.75,82.88,86.15,88.47,87.79,89.7,90.79,92.06,0.41,0.12,0.0,0.0,0.0,0.0,0.0,0.0,0.0,0.0,0.0,0.0,0.0,0.0,0.15,0.76,1.51,1.99,2.46,2.71,2.71,2.37,2.3,1.51,24.4,23.6,23.4,22.8,22.1,21.3,20.9,20.7,20.2,19.9,19.5,19.3,19.3,19.0,19.6,21.6,23.7,25.5,27.8,29.0,29.4,30.0,29.0,28.6,4.77,4.77,4.77,4.77,4.77,4.77,4.77,4.77,1.85,1.85,1.85,1.85,1.85,1.85,2.0,2.0,2.0,2.0,2.0,1.85,1.85,1.85,2.0,2.0,23,25,20,17,22,3,13,23,25,27,28,29,30,33,31,28,26,29,27,19,15,21,21,31,-1.686
-0.86603,-0.5,-0.97493,-0.22252,48.27,49.09,47.97,44.09,37.99,12.91,10.27,10.09,9.86,10.34,10.26,11.43,12.04,10.56,18.57,62.75,82.88,86.15,88.47,87.79,89.7,90.79,92.06,70.22,0.12,0.0,0.0,0.0,0.0,0.0,0.0,0.0,0.0,0.0,0.0,0.0,0.0,0.15,0.76,1.51,1.99,2.46,2.71,2.71,2.37,2.3,1.51,0.82,23.6,23.4,22.8,22.1,21.3,20.9,20.7,20.2,19.9,19.5,19.3,19.3,19.0,19.6,21.6,23.7,25.5,27.8,29.0,29.4,30.0,29.0,28.6,27.4,4.77,4.77,4.77,4.77,4.77,4.77,4.77,1.85,1.85,1.85,1.85,1.85,1.85,2.0,2.0,2.0,2.0,2.0,1.85,1.85,1.85,2.0,2.0,2.0,25,20,17,22,3,13,23,25,27,28,29,30,33,31,28,26,29,27,19,15,21,21,31,33,0.386
-0.96593,-0.25882,-0.97493,-0.22252,49.09,47.97,44.09,37.99,12.91,10.27,10.09,9.86,10.34,10.26,11.43,12.04,10.56,18.57,62.75,82.88,86.15,88.47,87.79,89.7,90.79,92.06,70.22,55.65,0.0,0.0,0.0,0.0,0.0,0.0,0.0,0.0,0.0,0.0,0.0,0.0,0.15,0.76,1.51,1.99,2.46,2.71,2.71,2.37,2.3,1.51,0.82,0.15,23.4,22.8,22.1,21.3,20.9,20.7,20.2,19.9,19.5,19.3,19.3,19.0,19.6,21.6,23.7,25.5,27.8,29.0,29.4,30.0,29.0,28.6,27.4,26.6,4.77,4.77,4.77,4.77,4.77,4.77,1.85,1.85,1.85,1.85,1.85,1.85,2.0,2.0,2.0,2.0,2.0,1.85,1.85,1.85,2.0,2.0,2.0,2.0,20,17,22,3,13,23,25,27,28,29,30,33,31,28,26,29,27,19,15,21,21,31,33,26,0.181
-1.0,-0.0,-0.97493,-0.22252,47.97,44.09,37.99,12.91,10.27,10.09,9.86,10.34,10.26,11.43,12.04,10.56,18.57,62.75,82.88,86.15,88.47,87.79,89.7,90.79,92.06,70.22,55.65,26.45,0.0,0.0,0.0,0.0,0.0,0.0,0.0,0.0,0.0,0.0,0.0,0.15,0.76,1.51,1.99,2.46,2.71,2.71,2.37,2.3,1.51,0.82,0.15,0.0,22.8,22.1,21.3,20.9,20.7,20.2,19.9,19.5,19.3,19.3,19.0,19.6,21.6,23.7,25.5,27.8,29.0,29.4,30.0,29.0,28.6,27.4,26.6,25.8,4.77,4.77,4.77,4.77,4.77,1.85,1.85,1.85,1.85,1.85,1.85,2.0,2.0,2.0,2.0,2.0,1.85,1.85,1.85,2.0,2.0,2.0,2.0,2.0,17,22,3,13,23,25,27,28,29,30,33,31,28,26,29,27,19,15,21,21,31,33,26,29,0.3
-0.96593,0.25882,-0.97493,-0.22252,44.09,37.99,12.91,10.27,10.09,9.86,10.34,10.26,11.43,12.04,10.56,18.57,62.75,82.88,86.15,88.47,87.79,89.7,90.79,92.06,70.22,55.65,26.45,17.15,0.0,0.0,0.0,0.0,0.0,0.0,0.0,0.0,0.0,0.0,0.15,0.76,1.51,1.99,2.46,2.71,2.71,2.37,2.3,1.51,0.82,0.15,0.0,0.0,22.1,21.3,20.9,20.7,20.2,19.9,19.5,19.3,19.3,19.0,19.6,21.6,23.7,25.5,27.8,29.0,29.4,30.0,29.0,28.6,27.4,26.6,25.8,24.5,4.77,4.77,4.77,4.77,1.85,1.85,1.85,1.85,1.85,1.85,2.0,2.0,2.0,2.0,2.0,1.85,1.85,1.85,2.0,2.0,2.0,2.0,2.0,2.0,22,3,13,23,25,27,28,29,30,33,31,28,26,29,27,19,15,21,21,31,33,26,29,26,6.533
-0.86603,0.5,-0.97493,-0.22252,37.99,12.91,10.27,10.09,9.86,10.34,10.26,11.43,12.04,10.56,18.57,62.75,82.88,86.15,88.47,87.79,89.7,90.79,92.06,70.22,55.65,26.45,17.15,16.42,0.0,0.0,0.0,0.0,0.0,0.0,0.0,0.0,0.0,0.15,0.76,1.51,1.99,2.46,2.71,2.71,2.37,2.3,1.51,0.82,0.15,0.0,0.0,0.0,21.3,20.9,20.7,20.2,19.9,19.5,19.3,19.3,19.0,19.6,21.6,23.7,25.5,27.8,29.0,29.4,30.0,29.0,28.6,27.4,26.6,25.8,24.5,24.3,4.77,4.77,4.77,1.85,1.85,1.85,1.85,1.85,1.85,2.0,2.0,2.0,2.0,2.0,1.85,1.85,1.85,2.0,2.0,2.0,2.0,2.0,2.0,2.0,3,13,23,25,27,28,29,30,33,31,28,26,29,27,19,15,21,21,31,33,26,29,26,27,0.0
-0.70711,0.70711,-0.97493,-0.22252,12.91,10.27,10.09,9.86,10.34,10.26,11.43,12.04,10.56,18.57,62.75,82.88,86.15,88.47,87.79,89.7,90.79,92.06,70.22,55.65,26.45,17.15,16.42,15.27,0.0,0.0,0.0,0.0,0.0,0.0,0.0,0.0,0.15,0.76,1.51,1.99,2.46,2.71,2.71,2.37,2.3,1.51,0.82,0.15,0.0,0.0,0.0,0.0,20.9,20.7,20.2,19.9,19.5,19.3,19.3,19.0,19.6,21.6,23.7,25.5,27.8,29.0,29.4,30.0,29.0,28.6,27.4,26.6,25.8,24.5,24.3,23.8,4.77,4.77,1.85,1.85,1.85,1.85,1.85,1.85,2.0,2.0,2.0,2.0,2.0,1.85,1.85,1.85,2.0,2.0,2.0,2.0,2.0,2.0,2.0,2.0,13,23,25,27,28,29,30,33,31,28,26,29,27,19,15,21,21,31,33,26,29,26,27,30,0.0
-0.5,0.86603,-0.97493,-0.22252,10.27,10.09,9.86,10.34,10.26,11.43,12.04,10.56,18.57,62.75,82.88,86.15,88.47,87.79,89.7,90.79,92.06,70.22,55.65,26.45,17.15,16.42,15.27,10.67,0.0,0.0,0.0,0.0,0.0,0.0,0.0,0.15,0.76,1.51,1.99,2.46,2.71,2.71,2.37,2.3,1.51,0.82,0.15,0.0,0.0,0.0,0.0,0.0,20.7,20.2,19.9,19.5,19.3,19.3,19.0,19.6,21.6,23.7,25.5,27.8,29.0,29.4,30.0,29.0,28.6,27.4,26.6,25.8,24.5,24.3,23.8,22.8,4.77,1.85,1.85,1.85,1.85,1.85,1.85,2.0,2.0,2.0,2.0,2.0,1.85,1.85,1.85,2.0,2.0,2.0,2.0,2.0,2.0,2.0,2.0,2.0,23,25,27,28,29,30,33,31,28,26,29,27,19,15,21,21,31,33,26,29,26,27,30,26,0.0
-0.25882,0.96593,-0.97493,-0.22252,10.09,9.86,10.34,10.26,11.43,12.04,10.56,18.57,62.75,82.88,86.15,88.47,87.79,89.7,90.79,92.06,70.22,55.65,26.45,17.15,16.42,15.27,10.67,9.17,0.0,0.0,0.0,0.0,0.0,0.0,0.15,0.76,1.51,1.99,2.46,2.71,2.71,2.37,2.3,1.51,0.82,0.15,0.0,0.0,0.0,0.0,0.0,0.0,20.2,19.9,19.5,19.3,19.3,19.0,19.6,21.6,23.7,25.5,27.8,29.0,29.4,30.0,29.0,28.6,27.4,26.6,25.8,24.5,24.3,23.8,22.8,22.4,1.85,1.85,1.85,1.85,1.85,1.85,2.0,2.0,2.0,2.0,2.0,1.85,1.85,1.85,2.0,2.0,2.0,2.0,2.0,2.0,2.0,2.0,2.0,2.0,25,27,28,29,30,33,31,28,26,29,27,19,15,21,21,31,33,26,29,26,27,30,26,27,0.0
0.0,1.0,-0.78183,0.62349,9.86,10.34,10.26,11.43,12.04,10.56,18.57,62.75,82.88,86.15,88.47,87.79,89.7,90.79,92.06,70.22,55.65,26.45,17.15,16.42,15.27,10.67,9.17,9.56,0.0,0.0,0.0,0.0,0.0,0.15,0.76,1.51,1.99,2.46,2.71,2.71,2.37,2.3,1.51,0.82,0.15,0.0,0.0,0.0,0.0,0.0,0.0,0.0,19.9,19.5,19.3,19.3,19.0,19.6,21.6,23.7,25.5,27.8,29.0,29.4,30.0,29.0,28.6,27.4,26.6,25.8,24.5,24.3,23.8,22.8,22.4,22.2,1.85,1.85,1.85,1.85,1.85,2.0,2.0,2.0,2.0,2.0,1.85,1.85,1.85,2.0,2.0,2.0,2.0,2.0,2.0,2.0,2.0,2.0,2.0,1.85,27,28,29,30,33,31,28,26,29,27,19,15,21,21,31,33,26,29,26,27,30,26,27,28,0.0
0.25882,0.96593,-0.78183,0.62349,10.34,10.26,11.43,12.04,10.56,18.57,62.75,82.88,86.15,88.47,87.79,89.7,90.79,92.06,70.22,55.65,26.45,17.15,16.42,15.27,10.67,9.17,9.56,8.77,0.0,0.0,0.0,0.0,0.15,0.76,1.51,1.99,2.46,2.71,2.71,2.37,2.3,1.51,0.82,0.15,0.0,0.0,0.0,0.0,0.0,0.0,0.0,0.0,19.5,19.3,19.3,19.0,19.6,21.6,23.7,25.5,27.8,29.0,29.4,30.0,29.0,28.6,27.4,26.6,25.8,24.5,24.3,23.8,22.8,22.4,22.2,22.6,1.85,1.85,1.85,1.85,2.0,2.0,2.0,2.0,2.0,1.85,1.85,1.85,2.0,2.0,2.0,2.0,2.0,2.0,2.0,2.0,2.0,2.0,1.85,1.85,28,29,30,33,31,28,26,29,27,19,15,21,21,31,33,26,29,26,27,30,26,27,28,30,0.0
0.5,0.86603,-0.78183,0.62349,10.26,11.43,12.04,10.56,18.57,62.75,82.88,86.15,88.47,87.79,89.7,90.79,92.06,70.22,55.65,26.45,17.15,16.42,15.27,10.67,9.17,9.56,8.77,9.84,0.0,0.0,0.0,0.15,0.76,1.51,1.99,2.46,2.71,2.71,2.37,2.3,1.51,0.82,0.15,0.0,0.0,0.0,0.0,0.0,0.0,0.0,0.0,0.0,19.3,19.3,19.0,19.6,21.6,23.7,25.5,27.8,29.0,29.4,30.0,29.0,28.6,27.4,26.6,25.8,24.5,24.3,23.8,22.8,22.4,22.2,22.6,22.3,1.85,1.85,1.85,2.0,2.0,2.0,2.0,2.0,1.85,1.85,1.85,2.0,2.0,2.0,2.0,2.0,2.0,2.0,2.0,2.0,2.0,1.85,1.85,1.85,29,30,33,31,28,26,29,27,19,15,21,21,31,33,26,29,26,27,30,26,27,28,30,33,2.25
0.70711,0.70711,-0.78183,0.62349,11.43,12.04,10.56,18.57,62.75,82.88,86.15,88.47,87.79,89.7,90.79,92.06,70.22,55.65,26.45,17.15,16.42,15.27,10.67,9.17,9.56,8.77,9.84,12.5,0.0,0.0,0.15,0.76,1.51,1.99,2.46,2.71,2.71,2.37,2.3,1.51,0.82,0.15,0.0,0.0,0.0,0.0,0.0,0.0,0.0,0.0,0.0,0.0,19.3,19.0,19.6,21.6,23.7,25.5,27.8,29.0,29.4,30.0,29.0,28.6,27.4,26.6,25.8,24.5,24.3,23.8,22.8,22.4,22.2,22.6,22.3,21.6,1.85,1.85,2.0,2.0,2.0,2.0,2.0,1.85,1.85,1.85,2.0,2.0,2.0,2.0,2.0,2.0,2.0,2.0,2.0,2.0,1.85,1.85,1.85,1.85,30,33,31,28,26,29,27,19,15,21,21,31,33,26,29,26,27,30,26,27,28,30,33,36,0.0
0.86603,0.5,-0.78183,0.62349,12.04,10.56,18.57,62.75,82.88,86.15,88.47,87.79,89.7,90.79,92.06,70.22,55.65,26.45,17.15,16.42,15.27,10.67,9.17,9.56,8.77,9.84,12.5,11.53,0.0,0.15,0.76,1.51,1.99,2.46,2.71,2.71,2.37,2.3,1.51,0.82,0.15,0.0,0.0,0.0,0.0,0.0,0.0,0.0,0.0,0.0,0.0,0.0,19.0,19.6,21.6,23.7,25.5,27.8,29.0,29.4,30.0,29.0,28.6,27.4,26.6,25.8,24.5,24.3,23.8,22.8,22.4,22.2,22.6,22.3,21.6,21.5,1.85,2.0,2.0,2.0,2.0,2.0,1.85,1.85,1.85,2.0,2.0,2.0,2.0,2.0,2.0,2.0,2.0,2.0,2.0,1.85,1.85,1.85,1.85,1.85,33,31,28,26,29,27,19,15,21,21,31,33,26,29,26,27,30,26,27,28,30,33,36,37,0.633
0.96593,0.25882,-0.78183,0.62349,10.56,18.57,62.75,82.88,86.15,88.47,87.79,89.7,90.79,92.06,70.22,55.65,26.45,17.15,16.42,15.27,10.67,9.17,9.56,8.77,9.84,12.5,11.53,11.16,0.15,0.76,1.51,1.99,2.46,2.71,2.71,2.37,2.3,1.51,0.82,0.15,0.0,0.0,0.0,0.0,0.0,0.0,0.0,0.0,0.0,0.0,0.0,0.0,19.6,21.6,23.7,25.5,27.8,29.0,29.4,30.0,29.0,28.6,27.4,26.6,25.8,24.5,24.3,23.8,22.8,22.4,22.2,22.6,22.3,21.6,21.5,21.7,2.0,2.0,2.0,2.0,2.0,1.85,1.85,1.85,2.0,2.0,2.0,2.0,2.0,2.0,2.0,2.0,2.0,2.0,1.85,1.85,1.85,1.85,1.85,1.85,31,28,26,29,27,19,15,21,21,31,33,26,29,26,27,30,26,27,28,30,33,36,37,37,1.117
1.0,0.0,-0.78183,0.62349,18.57,62.75,82.88,86.15,88.47,87.79,89.7,90.79,92.06,70.22,55.65,26.45,17.15,16.42,15.27,10.67,9.17,9.56,8.77,9.84,12.5,11.53,11.16,10.53,0.76,1.51,1.99,2.46,2.71,2.71,2.37,2.3,1.51,0.82,0.15,0.0,0.0,0.0,0.0,0.0,0.0,0.0,0.0,0.0,0.0,0.0,0.0,0.24,21.6,23.7,25.5,27.8,29.0,29.4,30.0,29.0,28.6,27.4,26.6,25.8,24.5,24.3,23.8,22.8,22.4,22.2,22.6,22.3,21.6,21.5,21.7,22.0,2.0,2.0,2.0,2.0,1.85,1.85,1.85,2.0,2.0,2.0,2.0,2.0,2.0,2.0,2.0,2.0,2.0,1.85,1.85,1.85,1.85,1.85,1.85,1.85,28,26,29,27,19,15,21,21,31,33,26,29,26,27,30,26,27,28,30,33,36,37,37,30,6.101
0.96593,-0.25882,-0.78183,0.62349,62.75,82.88,86.15,88.47,87.79,89.7,90.79,92.06,70.22,55.65,26.45,17.15,16.42,15.27,10.67,9.17,9.56,8.77,9.84,12.5,11.53,11.16,10.53,15.16,1.51,1.99,2.46,2.71,2.71,2.37,2.3,1.51,0.82,0.15,0.0,0.0,0.0,0.0,0.0,0.0,0.0,0.0,0.0,0.0,0.0,0.0,0.24,0.95,23.7,25.5,27.8,29.0,29.4,30.0,29.0,28.6,27.4,26.6,25.8,24.5,24.3,23.8,22.8,22.4,22.2,22.6,22.3,21.6,21.5,21.7,22.0,23.6,2.0,2.0,2.0,1.85,1.85,1.85,2.0,2.0,2.0,2.0,2.0,2.0,2.0,2.0,2.0,2.0,1.85,1.85,1.85,1.85,1.85,1.85,1.85,1.85,26,29,27,19,15,21,21,31,33,26,29,26,27,30,26,27,28,30,33,36,37,37,30,31,8.045
0.86603,-0.5,-0.78183,0.62349,82.88,86.15,88.47,87.79,89.7,90.79,92.06,70.22,55.65,26.45,17.15,16.42,15.27,10.67,9.17,9.56,8.77,9.84,12.5,11.53,11.16,10.53,15.16,32.5,1.99,2.46,2.71,2.71,2.37,2.3,1.51,0.82,0.15,0.0,0.0,0.0,0.0,0.0,0.0,0.0,0.0,0.0,0.0,0.0,0.0,0.24,0.95,1.84,25.5,27.8,29.0,29.4,30.0,29.0,28.6,27.4,26.6,25.8,24.5,24.3,23.8,22.8,22.4,22.2,22.6,22.3,21.6,21.5,21.7,22.0,23.6,26.7,2.0,2.0,1.85,1.85,1.85,2.0,2.0,2.0,2.0,2.0,2.0,2.0,2.0,2.0,2.0,1.85,1.85,1.85,1.85,1.85,1.85,1.85,1.85,1.85,29,27,19,15,21,21,31,33,26,29,26,27,30,26,27,28,30,33,36,37,37,30,31,25,14.0
0.70711,-0.70711,-0.78183,0.62349,86.15,88.47,87.79,89.7,90.79,92.06,70.22,55.65,26.45,17.15,16.42,15.27,10.67,9.17,9.56,8.77,9.84,12.5,11.53,11.16,10.53,15.16,32.5,32.96,2.46,2.71,2.71,2.37,2.3,1.51,0.82,0.15,0.0,0.0,0.0,0.0,0.0,0.0,0.0,0.0,0.0,0.0,0.0,0.0,0.24,0.95,1.84,2.5,27.8,29.0,29.4,30.0,29.0,28.6,27.4,26.6,25.8,24.5,24.3,23.8,22.8,22.4,22.2,22.6,22.3,21.6,21.5,21.7,22.0,23.6,26.7,28.7,2.0,1.85,1.85,1.85,2.0,2.0,2.0,2.0,2.0,2.0,2.0,2.0,2.0,2.0,1.85,1.85,1.85,1.85,1.85,1.85,1.85,1.85,1.85,1.85,27,19,15,21,21,31,33,26,29,26,27,30,26,27,28,30,33,36,37,37,30,31,25,25,14.0
0.5,-0.86603,-0.78183,0.62349,88.47,87.79,89.7,90.79,92.06,70.22,55.65,26.45,17.15,16.42,15.27,10.67,9.17,9.56,8.77,9.84,12.5,11.53,11.16,10.53,15.16,32.5,32.96,37.75,2.71,2.71,2.37,2.3,1.51,0.82,0.15,0.0,0.0,0.0,0.0,0.0,0.0,0.0,0.0,0.0,0.0,0.0,0.0,0.24,0.95,1.84,2.5,3.03,29.0,29.4,30.0,29.0,28.6,27.4,26.6,25.8,24.5,24.3,23.8,22.8,22.4,22.2,22.6,22.3,21.6,21.5,21.7,22.0,23.6,26.7,28.7,30.3,1.85,1.85,1.85,2.0,2.0,2.0,2.0,2.0,2.0,2.0,2.0,2.0,2.0,1.85,1.85,1.85,1.85,1.85,1.85,1.85,1.85,1.85,1.85,1.85,19,15,21,21,31,33,26,29,26,27,30,26,27,28,30,33,36,37,37,30,31,25,25,26,14.0
0.25882,-0.96593,-0.78183,0.62349,87.79,89.7,90.79,92.06,70.22,55.65,26.45,17.15,16.42,15.27,10.67,9.17,9.56,8.77,9.84,12.5,11.53,11.16,10.53,15.16,32.5,32.96,37.75,42.09,2.71,2.37,2.3,1.51,0.82,0.15,0.0,0.0,0.0,0.0,0.0,0.0,0.0,0.0,0.0,0.0,0.0,0.0,0.24,0.95,1.84,2.5,3.03,2.74,29.4,30.0,29.0,28.6,27.4,26.6,25.8,24.5,24.3,23.8,22.8,22.4,22.2,22.6,22.3,21.6,21.5,21.7,22.0,23.6,26.7,28.7,30.3,31.0,1.85,1.85,2.0,2.0,2.0,2.0,2.0,2.0,2.0,2.0,2.0,2.0,1.85,1.85,1.85,1.85,1.85,1.85,1.85,1.85,1.85,1.85,1.85,1.85,15,21,21,31,33,26,29,26,27,30,26,27,28,30,33,36,37,37,30,31,25,25,26,18,14.0
0.0,-1.0,-0.78183,0.62349,89.7,90.79,92.06,70.22,55.65,26.45,17.15,16.42,15.27,10.67,9.17,9.56,8.77,9.84,12.5,11.53,11.16,10.53,15.16,32.5,32.96,37.75,42.09,47.48,2.37,2.3,1.51,0.82,0.15,0.0,0.0,0.0,0.0,0.0,0.0,0.0,0.0,0.0,0.0,0.0,0.0,0.24,0.95,1.84,2.5,3.03,2.74,3.09,30.0,29.0,28.6,27.4,26.6,25.8,24.5,24.3,23.8,22.8,22.4,22.2,22.6,22.3,21.6,21.5,21.7,22.0,23.6,26.7,28.7,30.3,31.0,30.8,1.85,2.0,2.0,2.0,2.0,2.0,2.0,2.0,2.0,2.0,2.0,1.85,1.85,1.85,1.85,1.85,1.85,1.85,1.85,1.85,1.85,1.85,1.85,1.85,21,21,31,33,26,29,26,27,30,26,27,28,30,33,36,37,37,30,31,25,25,26,18,19,6.317
-0.25882,-0.96593,-0.78183,0.62349,90.79,92.06,70.22,55.65,26.45,17.15,16.42,15.27,10.67,9.17,9.56,8.77,9.84,12.5,11.53,11.16,10.53,15.16,32.5,32.96,37.75,42.09,47.48,50.05,2.3,1.51,0.82,0.15,0.0,0.0,0.0,0.0,0.0,0.0,0.0,0.0,0.0,0.0,0.0,0.0,0.24,0.95,1.84,2.5,3.03,2.74,3.09,1.67,29.0,28.6,27.4,26.6,25.8,24.5,24.3,23.8,22.8,22.4,22.2,22.6,22.3,21.6,21.5,21.7,22.0,23.6,26.7,28.7,30.3,31.0,30.8,29.5,2.0,2.0,2.0,2.0,2.0,2.0,2.0,2.0,2.0,2.0,1.85,1.85,1.85,1.85,1.85,1.85,1.85,1.85,1.85,1.85,1.85,1.85,1.85,1.85,21,31,33,26,29,26,27,30,26,27,28,30,33,36,37,37,30,31,25,25,26,18,19,19,14.0
-0.5,-0.86603,-0.78183,0.62349,92.06,70.22,55.65,26.45,17.15,16.42,15.27,10.67,9.17,9.56,8.77,9.84,12.5,11.53,11.16,10.53,15.16,32.5,32.96,37.75,42.09,47.48,50.05,46.98,1.51,0.82,0.15,0.0,0.0,0.0,0.0,0.0,0.0,0.0,0.0,0.0,0.0,0.0,0.0,0.24,0.95,1.84,2.5,3.03,2.74,3.09,1.67,1.63,28.6,27.4,26.6,25.8,24.5,24.3,23.8,22.8,22.4,22.2,22.6,22.3,21.6,21.5,21.7,22.0,23.6,26.7,28.7,30.3,31.0,30.8,29.5,28.7,2.0,2.0,2.0,2.0,2.0,2.0,2.0,2.0,2.0,1.85,1.85,1.85,1.85,1.85,1.85,1.85,1.85,1.85,1.85,1.85,1.85,1.85,1.85,1.85,31,33,26,29,26,27,30,26,27,28,30,33,36,37,37,30,31,25,25,26,18,19,19,17,7.667
-0.70711,-0.70711,-0.78183,0.62349,70.22,55.65,26.45,17.15,16.42,15.27,10.67,9.17,9.56,8.77,9.84,12.5,11.53,11.16,10.53,15.16,32.5,32.96,37.75,42.09,47.48,50.05,46.98,42.55,0.82,0.15,0.0,0.0,0.0,0.0,0.0,0.0,0.0,0.0,0.0,0.0,0.0,0.0,0.24,0.95,1.84,2.5,3.03,2.74,3.09,1.67,1.63,1.08,27.4,26.6,25.8,24.5,24.3,23.8,22.8,22.4,22.2,22.6,22.3,21.6,21.5,21.7,22.0,23.6,26.7,28.7,30.3,31.0,30.8,29.5,28.7,28.5,2.0,2.0,2.0,2.0,2.0,2.0,2.0,2.0,1.85,1.85,1.85,1.85,1.85,1.85,1.85,1.85,1.85,1.85,1.85,1.85,1.85,1.85,1.85,1.85,33,26,29,26,27,30,26,27,28,30,33,36,37,37,30,31,25,25,26,18,19,19,17,23,6.3
-0.86603,-0.5,-0.78183,0.62349,55.65,26.45,17.15,16.42,15.27,10.67,9.17,9.56,8.77,9.84,12.5,11.53,11.16,10.53,15.16,32.5,32.96,37.75,42.09,47.48,50.05,46.98,42.55,39.37,0.15,0.0,0.0,0.0,0.0,0.0,0.0,0.0,0.0,0.0,0.0,0.0,0.0,0.24,0.95,1.84,2.5,3.03,2.74,3.09,1.67,1.63,1.08,0.55,26.6,25.8,24.5,24.3,23.8,22.8,22.4,22.2,22.6,22.3,21.6,21.5,21.7,22.0,23.6,26.7,28.7,30.3,31.0,30.8,29.5,28.7,28.5,27.6,2.0,2.0,2.0,2.0,2.0,2.0,2.0,1.85,1.85,1.85,1.85,1.85,1.85,1.85,1.85,1.85,1.85,1.85,1.85,1.85,1.85,1.85,1.85,1.85,26,29,26,27,30,26,27,28,30,33,36,37,37,30,31,25,25,26,18,19,19,17,23,20,8.217
-0.96593,-0.25882,-0.78183,0.62349,26.45,17.15,16.42,15.27,10.67,9.17,9.56,8.77,9.84,12.5,11.53,11.16,10.53,15.16,32.5,32.96,37.75,42.09,47.48,50.05,46.98,42.55,39.37,27.1,0.0,0.0,0.0,0.0,0.0,0.0,0.0,0.0,0.0,0.0,0.0,0.0,0.24,0.95,1.84,2.5,3.03,2.74,3.09,1.67,1.63,1.08,0.55,0.14,25.8,24.5,24.3,23.8,22.8,22.4,22.2,22.6,22.3,21.6,21.5,21.7,22.0,23.6,26.7,28.7,30.3,31.0,30.8,29.5,28.7,28.5,27.6,26.8,2.0,2.0,2.0,2.0,2.0,2.0,1.85,1.85,1.85,1.85,1.85,1.85,1.85,1.85,1.85,1.85,1.85,1.85,1.85,1.85,1.85,1.85,1.85,1.85,29,26,27,30,26,27,28,30,33,36,37,37,30,31,25,25,26,18,19,19,17,23,20,17,9.4
-1.0,-0.0,-0.78183,0.62349,17.15,16.42,15.27,10.67,9.17,9.56,8.77,9.84,12.5,11.53,11.16,10.53,15.16,32.5,32.96,37.75,42.09,47.48,50.05,46.98,42.55,39.37,27.1,15.86,0.0,0.0,0.0,0.0,0.0,0.0,0.0,0.0,0.0,0.0,0.0,0.24,0.95,1.84,2.5,3.03,2.74,3.09,1.67,1.63,1.08,0.55,0.14,0.0,24.5,24.3,23.8,22.8,22.4,22.2,22.6,22.3,21.6,21.5,21.7,22.0,23.6,26.7,28.7,30.3,31.0,30.8,29.5,28.7,28.5,27.6,26.8,26.7,2.0,2.0,2.0,2.0,2.0,1.85,1.85,1.85,1.85,1.85,1.85,1.85,1.85,1.85,1.85,1.85,1.85,1.85,1.85,1.85,1.85,1.85,1.85,1.85,26,27,30,26,27,28,30,33,36,37,37,30,31,25,25,26,18,19,19,17,23,20,17,13,12.933
-0.96593,0.25882,-0.78183,0.62349,16.42,15.27,10.67,9.17,9.56,8.77,9.84,12.5,11.53,11.16,10.53,15.16,32.5,32.96,37.75,42.09,47.48,50.05,46.98,42.55,39.37,27.1,15.86,16.08,0.0,0.0,0.0,0.0,0.0,0.0,0.0,0.0,0.0,0.0,0.24,0.95,1.84,2.5,3.03,2.74,3.09,1.67,1.63,1.08,0.55,0.14,0.0,0.0,24.3,23.8,22.8,22.4,22.2,22.6,22.3,21.6,21.5,21.7,22.0,23.6,26.7,28.7,30.3,31.0,30.8,29.5,28.7,28.5,27.6,26.8,26.7,26.0,2.0,2.0,2.0,2.0,1.85,1.85,1.85,1.85,1.85,1.85,1.85,1.85,1.85,1.85,1.85,1.85,1.85,1.85,1.85,1.85,1.85,1.85,1.85,1.85,27,30,26,27,28,30,33,36,37,37,30,31,25,25,26,18,19,19,17,23,20,17,13,16,11.533
-0.86603,0.5,-0.78183,0.62349,15.27,10.67,9.17,9.56,8.77,9.84,12.5,11.53,11.16,10.53,15.16,32.5,32.96,37.75,42.09,47.48,50.05,46.98,42.55,39.37,27.1,15.86,16.08,15.61,0.0,0.0,0.0,0.0,0.0,0.0,0.0,0.0,0.0,0.24,0.95,1.84,2.5,3.03,2.74,3.09,1.67,1.63,1.08,0.55,0.14,0.0,0.0,0.0,23.8,22.8,22.4,22.2,22.6,22.3,21.6,21.5,21.7,22.0,23.6,26.7,28.7,30.3,31.0,30.8,29.5,28.7,28.5,27.6,26.8,26.7,26.0,25.6,2.0,2.0,2.0,1.85,1.85,1.85,1.85,1.85,1.85,1.85,1.85,1.85,1.85,1.85,1.85,1.85,1.85,1.85,1.85,1.85,1.85,1.85,1.85,1.85,30,26,27,28,30,33,36,37,37,30,31,25,25,26,18,19,19,17,23,20,17,13,16,21,14.0
-0.70711,0.70711,-0.78183,0.62349,10.67,9.17,9.56,8.77,9.84,12.5,11.53,11.16,10.53,15.16,32.5,32.96,37.75,42.09,47.48,50.05,46.98,42.55,39.37,27.1,15.86,16.08,15.61,14.72,0.0,0.0,0.0,0.0,0.0,0.0,0.0,0.0,0.24,0.95,1.84,2.5,3.03,2.74,3.09,1.67,1.63,1.08,0.55,0.14,0.0,0.0,0.0,0.0,22.8,22.4,22.2,22.6,22.3,21.6,21.5,21.7,22.0,23.6,26.7,28.7,30.3,31.0,30.8,29.5,28.7,28.5,27.6,26.8,26.7,26.0,25.6,25.2,2.0,2.0,1.85,1.85,1.85,1.85,1.85,1.85,1.85,1.85,1.85,1.85,1.85,1.85,1.85,1.85,1.85,1.85,1.85,1.85,1.85,1.85,1.85,1.85,26,27,28,30,33,36,37,37,30,31,25,25,26,18,19,19,17,23,20,17,13,16,21,17,14.0
-0.5,0.86603,-0.78183,0.62349,9.17,9.56,8.77,9.84,12.5,11.53,11.16,10.53,15.16,32.5,32.96,37.75,42.09,47.48,50.05,46.98,42.55,39.37,27.1,15.86,16.08,15.61,14.72,10.69,0.0,0.0,0.0,0.0,0.0,0.0,0.0,0.24,0.95,1.84,2.5,3.03,2.74,3.09,1.67,1.63,1.08,0.55,0.14,0.0,0.0,0.0,0.0,0.0,22.4,22.2,22.6,22.3,21.6,21.5,21.7,22.0,23.6,26.7,28.7,30.3,31.0,30.8,29.5,28.7,28.5,27.6,26.8,26.7,26.0,25.6,25.2,24.7,2.0,1.85,1.85,1.85,1.85,1.85,1.85,1.85,1.85,1.85,1.85,1.85,1.85,1.85,1.85,1.85,1.85,1.85,1.85,1.85,1.85,1.85,1.85,1.85,27,28,30,33,36,37,37,30,31,25,25,26,18,19,19,17,23,20,17,13,16,21,17,17,8.517
-0.25882,0.96593,-0.78183,0.62349,9.56,8.77,9.84,12.5,11.53,11.16,10.53,15.16,32.5,32.96,37.75,42.09,47.48,50.05,46.98,42.55,39.37,27.1,15.86,16.08,15.61,14.72,10.69,9.93,0.0,0.0,0.0,0.0,0.0,0.0,0.24,0.95,1.84,2.5,3.03,2.74,3.09,1.67,1.63,1.08,0.55,0.14,0.0,0.0,0.0,0.0,0.0,0.0,22.2,22.6,22.3,21.6,21.5,21.7,22.0,23.6,26.7,28.7,30.3,31.0,30.8,29.5,28.7,28.5,27.6,26.8,26.7,26.0,25.6,25.2,24.7,24.1,1.85,1.85,1.85,1.85,1.85,1.85,1.85,1.85,1.85,1.85,1.85,1.85,1.85,1.85,1.85,1.85,1.85,1.85,1.85,1.85,1.85,1.85,1.85,1.85,28,30,33,36,37,37,30,31,25,25,26,18,19,19,17,23,20,17,13,16,21,17,17,21,14.0
0.0,1.0,0.0,1.0,8.77,9.84,12.5,11.53,11.16,10.53,15.16,32.5,32.96,37.75,42.09,47.48,50.05,46.98,42.55,39.37,27.1,15.86,16.08,15.61,14.72,10.69,9.93,9.12,0.0,0.0,0.0,0.0,0.0,0.24,0.95,1.84,2.5,3.03,2.74,3.09,1.67,1.63,1.08,0.55,0.14,0.0,0.0,0.0,0.0,0.0,0.0,0.0,22.6,22.3,21.6,21.5,21.7,22.0,23.6,26.7,28.7,30.3,31.0,30.8,29.5,28.7,28.5,27.6,26.8,26.7,26.0,25.6,25.2,24.7,24.1,23.7,1.85,1.85,1.85,1.85,1.85,1.85,1.85,1.85,1.85,1.85,1.85,1.85,1.85,1.85,1.85,1.85,1.85,1.85,1.85,1.85,1.85,1.85,1.85,1.85,30,33,36,37,37,30,31,25,25,26,18,19,19,17,23,20,17,13,16,21,17,17,21,25,14.0
0.25882,0.96593,0.0,1.0,9.84,12.5,11.53,11.16,10.53,15.16,32.5,32.96,37.75,42.09,47.48,50.05,46.98,42.55,39.37,27.1,15.86,16.08,15.61,14.72,10.69,9.93,9.12,9.0,0.0,0.0,0.0,0.0,0.24,0.95,1.84,2.5,3.03,2.74,3.09,1.67,1.63,1.08,0.55,0.14,0.0,0.0,0.0,0.0,0.0,0.0,0.0,0.0,22.3,21.6,21.5,21.7,22.0,23.6,26.7,28.7,30.3,31.0,30.8,29.5,28.7,28.5,27.6,26.8,26.7,26.0,25.6,25.2,24.7,24.1,23.7,23.6,1.85,1.85,1.85,1.85,1.85,1.85,1.85,1.85,1.85,1.85,1.85,1.85,1.85,1.85,1.85,1.85,1.85,1.85,1.85,1.85,1.85,1.85,1.85,1.85,33,36,37,37,30,31,25,25,26,18,19,19,17,23,20,17,13,16,21,17,17,21,25,30,14.0
0.5,0.86603,0.0,1.0,12.5,11.53,11.16,10.53,15.16,32.5,32.96,37.75,42.09,47.48,50.05,46.98,42.55,39.37,27.1,15.86,16.08,15.61,14.72,10.69,9.93,9.12,9.0,9.45,0.0,0.0,0.0,0.24,0.95,1.84,2.5,3.03,2.74,3.09,1.67,1.63,1.08,0.55,0.14,0.0,0.0,0.0,0.0,0.0,0.0,0.0,0.0,0.0,21.6,21.5,21.7,22.0,23.6,26.7,28.7,30.3,31.0,30.8,29.5,28.7,28.5,27.6,26.8,26.7,26.0,25.6,25.2,24.7,24.1,23.7,23.6,23.1,1.85,1.85,1.85,1.85,1.85,1.85,1.85,1.85,1.85,1.85,1.85,1.85,1.85,1.85,1.85,1.85,1.85,1.85,1.85,1.85,1.85,1.85,1.85,1.85,36,37,37,30,31,25,25,26,18,19,19,17,23,20,17,13,16,21,17,17,21,25,30,33,14.0
0.70711,0.70711,0.0,1.0,11.53,11.16,10.53,15.16,32.5,32.96,37.75,42.09,47.48,50.05,46.98,42.55,39.37,27.1,15.86,16.08,15.61,14.72,10.69,9.93,9.12,9.0,9.45,9.71,0.0,0.0,0.24,0.95,1.84,2.5,3.03,2.74,3.09,1.67,1.63,1.08,0.55,0.14,0.0,0.0,0.0,0.0,0.0,0.0,0.0,0.0,0.0,0.0,21.5,21.7,22.0,23.6,26.7,28.7,30.3,31.0,30.8,29.5,28.7,28.5,27.6,26.8,26.7,26.0,25.6,25.2,24.7,24.1,23.7,23.6,23.1,22.7,1.85,1.85,1.85,1.85,1.85,1.85,1.85,1.85,1.85,1.85,1.85,1.85,1.85,1.85,1.85,1.85,1.85,1.85,1.85,1.85,1.85,1.85,1.85,1.85,37,37,30,31,25,25,26,18,19,19,17,23,20,17,13,16,21,17,17,21,25,30,33,33,14.0
0.86603,0.5,0.0,1.0,11.16,10.53,15.16,32.5,32.96,37.75,42.09,47.48,50.05,46.98,42.55,39.37,27.1,15.86,16.08,15.61,14.72,10.69,9.93,9.12,9.0,9.45,9.71,12.01,0.0,0.24,0.95,1.84,2.5,3.03,2.74,3.09,1.67,1.63,1.08,0.55,0.14,0.0,0.0,0.0,0.0,0.0,0.0,0.0,0.0,0.0,0.0,0.0,21.7,22.0,23.6,26.7,28.7,30.3,31.0,30.8,29.5,28.7,28.5,27.6,26.8,26.7,26.0,25.6,25.2,24.7,24.1,23.7,23.6,23.1,22.7,22.8,1.85,1.85,1.85,1.85,1.85,1.85,1.85,1.85,1.85,1.85,1.85,1.85,1.85,1.85,1.85,1.85,1.85,1.85,1.85,1.85,1.85,1.85,1.85,1.85,37,30,31,25,25,26,18,19,19,17,23,20,17,13,16,21,17,17,21,25,30,33,33,33,14.0
0.96593,0.25882,0.0,1.0,10.53,15.16,32.5,32.96,37.75,42.09,47.48,50.05,46.98,42.55,39.37,27.1,15.86,16.08,15.61,14.72,10.69,9.93,9.12,9.0,9.45,9.71,12.01,11.33,0.24,0.95,1.84,2.5,3.03,2.74,3.09,1.67,1.63,1.08,0.55,0.14,0.0,0.0,0.0,0.0,0.0,0.0,0.0,0.0,0.0,0.0,0.0,0.0,22.0,23.6,26.7,28.7,30.3,31.0,30.8,29.5,28.7,28.5,27.6,26.8,26.7,26.0,25.6,25.2,24.7,24.1,23.7,23.6,23.1,22.7,22.8,22.9,1.85,1.85,1.85,1.85,1.85,1.85,1.85,1.85,1.85,1.85,1.85,1.85,1.85,1.85,1.85,1.85,1.85,1.85,1.85,1.85,1.85,1.85,1.85,1.85,30,31,25,25,26,18,19,19,17,23,20,17,13,16,21,17,17,21,25,30,33,33,33,32,-6.883
1.0,0.0,0.0,1.0,15.16,32.5,32.96,37.75,42.09,47.48,50.05,46.98,42.55,39.37,27.1,15.86,16.08,15.61,14.72,10.69,9.93,9.12,9.0,9.45,9.71,12.01,11.33,11.15,0.95,1.84,2.5,3.03,2.74,3.09,1.67,1.63,1.08,0.55,0.14,0.0,0.0,0.0,0.0,0.0,0.0,0.0,0.0,0.0,0.0,0.0,0.0,0.19,23.6,26.7,28.7,30.3,31.0,30.8,29.5,28.7,28.5,27.6,26.8,26.7,26.0,25.6,25.2,24.7,24.1,23.7,23.6,23.1,22.7,22.8,22.9,22.9,1.85,1.85,1.85,1.85,1.85,1.85,1.85,1.85,1.85,1.85,1.85,1.85,1.85,1.85,1.85,1.85,1.85,1.85,1.85,1.85,1.85,1.85,1.85,4.77,31,25,25,26,18,19,19,17,23,20,17,13,16,21,17,17,21,25,30,33,33,33,32,27,-4.509
0.96593,-0.25882,0.0,1.0,32.5,32.96,37.75,42.09,47.48,50.05,46.98,42.55,39.37,27.1,15.86,16.08,15.61,14.72,10.69,9.93,9.12,9.0,9.45,9.71,12.01,11.33,11.15,15.23,1.84,2.5,3.03,2.74,3.09,1.67,1.63,1.08,0.55,0.14,0.0,0.0,0.0,0.0,0.0,0.0,0.0,0.0,0.0,0.0,0.0,0.0,0.19,0.48,26.7,28.7,30.3,31.0,30.8,29.5,28.7,28.5,27.6,26.8,26.7,26.0,25.6,25.2,24.7,24.1,23.7,23.6,23.1,22.7,22.8,22.9,22.9,24.0,1.85,1.85,1.85,1.85,1.85,1.85,1.85,1.85,1.85,1.85,1.85,1.85,1.85,1.85,1.85,1.85,1.85,1.85,1.85,1.85,1.85,1.85,4.77,4.77,25,25,26,18,19,19,17,23,20,17,13,16,21,17,17,21,25,30,33,33,33,32,27,21,-11.495
0.86603,-0.5,0.0,1.0,32.96,37.75,42.09,47.48,50.05,46.98,42.55,39.37,27.1,15.86,16.08,15.61,14.72,10.69,9.93,9.12,9.0,9.45,9.71,12.01,11.33,11.15,15.23,26.83,2.5,3.03,2.74,3.09,1.67,1.63,1.08,0.55,0.14,0.0,0.0,0.0,0.0,0.0,0.0,0.0,0.0,0.0,0.0,0.0,0.0,0.19,0.48,0.69,28.7,30.3,31.0,30.8,29.5,28.7,28.5,27.6,26.8,26.7,26.0,25.6,25.2,24.7,24.1,23.7,23.6,23.1,22.7,22.8,22.9,22.9,24.0,25.0,1.85,1.85,1.85,1.85,1.85,1.85,1.85,1.85,1.85,1.85,1.85,1.85,1.85,1.85,1.85,1.85,1.85,1.85,1.85,1.85,1.85,4.77,4.77,4.77,25,26,18,19,19,17,23,20,17,13,16,21,17,17,21,25,30,33,33,33,32,27,21,19,2.476
0.70711,-0.70711,0.0,1.0,37.75,42.09,47.48,50.05,46.98,42.55,39.37,27.1,15.86,16.08,15.61,14.72,10.69,9.93,9.12,9.0,9.45,9.71,12.01,11.33,11.15,15.23,26.83,42.71,3.03,2.74,3.09,1.67,1.63,1.08,0.55,0.14,0.0,0.0,0.0,0.0,0.0,0.0,0.0,0.0,0.0,0.0,0.0,0.0,0.19,0.48,0.69,2.06,30.3,31.0,30.8,29.5,28.7,28.5,27.6,26.8,26.7,26.0,25.6,25.2,24.7,24.1,23.7,23.6,23.1,22.7,22.8,22.9,22.9,24.0,25.0,27.6,1.85,1.85,1.85,1.85,1.85,1.85,1.85,1.85,1.85,1.85,1.85,1.85,1.85,1.85,1.85,1.85,1.85,1.85,1.85,1.85,4.77,4.77,4.77,4.77,26,18,19,19,17,23,20,17,13,16,21,17,17,21,25,30,33,33,33,32,27,21,19,8,5.919
0.5,-0.86603,0.0,1.0,42.09,47.48,50.05,46.98,42.55,39.37,27.1,15.86,16.08,15.61,14.72,10.69,9.93,9.12,9.0,9.45,9.71,12.01,11.33,11.15,15.23,26.83,42.71,48.93,2.74,3.09,1.67,1.63,1.08,0.55,0.14,0.0,0.0,0.0,0.0,0.0,0.0,0.0,0.0,0.0,0.0,0.0,0.0,0.19,0.48,0.69,2.06,2.53,31.0,30.8,29.5,28.7,28.5,27.6,26.8,26.7,26.0,25.6,25.2,24.7,24.1,23.7,23.6,23.1,22.7,22.8,22.9,22.9,24.0,25.0,27.6,29.9,1.85,1.85,1.85,1.85,1.85,1.85,1.85,1.85,1.85,1.85,1.85,1.85,1.85,1.85,1.85,1.85,1.85,1.85,1.85,4.77,4.77,4.77,4.77,4.77,18,19,19,17,23,20,17,13,16,21,17,17,21,25,30,33,33,33,32,27,21,19,8,11,14.0
0.25882,-0.96593,0.0,1.0,47.48,50.05,46.98,42.55,39.37,27.1,15.86,16.08,15.61,14.72,10.69,9.93,9.12,9.0,9.45,9.71,12.01,11.33,11.15,15.23,26.83,42.71,48.93,52.37,3.09,1.67,1.63,1.08,0.55,0.14,0.0,0.0,0.0,0.0,0.0,0.0,0.0,0.0,0.0,0.0,0.0,0.0,0.19,0.48,0.69,2.06,2.53,2.08,30.8,29.5,28.7,28.5,27.6,26.8,26.7,26.0,25.6,25.2,24.7,24.1,23.7,23.6,23.1,22.7,22.8,22.9,22.9,24.0,25.0,27.6,29.9,30.8,1.85,1.85,1.85,1.85,1.85,1.85,1.85,1.85,1.85,1.85,1.85,1.85,1.85,1.85,1.85,1.85,1.85,1.85,4.77,4.77,4.77,4.77,4.77,1.85,19,19,17,23,20,17,13,16,21,17,17,21,25,30,33,33,33,32,27,21,19,8,11,20,14.0
0.0,-1.0,0.0,1.0,50.05,46.98,42.55,39.37,27.1,15.86,16.08,15.61,14.72,10.69,9.93,9.12,9.0,9.45,9.71,12.01,11.33,11.15,15.23,26.83,42.71,48.93,52.37,43.95,1.67,1.63,1.08,0.55,0.14,0.0,0.0,0.0,0.0,0.0,0.0,0.0,0.0,0.0,0.0,0.0,0.0,0.19,0.48,0.69,2.06,2.53,2.08,2.18,29.5,28.7,28.5,27.6,26.8,26.7,26.0,25.6,25.2,24.7,24.1,23.7,23.6,23.1,22.7,22.8,22.9,22.9,24.0,25.0,27.6,29.9,30.8,29.6,1.85,1.85,1.85,1.85,1.85,1.85,1.85,1.85,1.85,1.85,1.85,1.85,1.85,1.85,1.85,1.85,1.85,4.77,4.77,4.77,4.77,4.77,1.85,1.85,19,17,23,20,17,13,16,21,17,17,21,25,30,33,33,33,32,27,21,19,8,11,20,17,14.0
-0.25882,-0.96593,0.0,1.0,46.98,42.55,39.37,27.1,15.86,16.08,15.61,14.72,10.69,9.93,9.12,9.0,9.45,9.71,12.01,11.33,11.15,15.23,26.83,42.71,48.93,52.37,43.95,57.89,1.63,1.08,0.55,0.14,0.0,0.0,0.0,0.0,0.0,0.0,0.0,0.0,0.0,0.0,0.0,0.0,0.19,0.48,0.69,2.06,2.53,2.08,2.18,1.69,28.7,28.5,27.6,26.8,26.7,26.0,25.6,25.2,24.7,24.1,23.7,23.6,23.1,22.7,22.8,22.9,22.9,24.0,25.0,27.6,29.9,30.8,29.6,28.7,1.85,1.85,1.85,1.85,1.85,1.85,1.85,1.85,1.85,1.85,1.85,1.85,1.85,1.85,1.85,1.85,4.77,4.77,4.77,4.77,4.77,1.85,1.85,1.85,17,23,20,17,13,16,21,17,17,21,25,30,33,33,33,32,27,21,19,8,11,20,17,12,-0.818
-0.5,-0.86603,0.0,1.0,42.55,39.37,27.1,15.86,16.08,15.61,14.72,10.69,9.93,9.12,9.0,9.45,9.71,12.01,11.33,11.15,15.23,26.83,42.71,48.93,52.37,43.95,57.89,57.72,1.08,0.55,0.14,0.0,0.0,0.0,0.0,0.0,0.0,0.0,0.0,0.0,0.0,0.0,0.0,0.19,0.48,0.69,2.06,2.53,2.08,2.18,1.69,0.74,28.5,27.6,26.8,26.7,26.0,25.6,25.2,24.7,24.1,23.7,23.6,23.1,22.7,22.8,22.9,22.9,24.0,25.0,27.6,29.9,30.8,29.6,28.7,28.4,1.85,1.85,1.85,1.85,1.85,1.85,1.85,1.85,1.85,1.85,1.85,1.85,1.85,1.85,1.85,4.77,4.77,4.77,4.77,4.77,1.85,1.85,1.85,4.77,23,20,17,13,16,21,17,17,21,25,30,33,33,33,32,27,21,19,8,11,20,17,12,11,-7.338
-0.70711,-0.70711,0.0,1.0,39.37,27.1,15.86,16.08,15.61,14.72,10.69,9.93,9.12,9.0,9.45,9.71,12.01,11.33,11.15,15.23,26.83,42.71,48.93,52.37,43.95,57.89,57.72,58.44,0.55,0.14,0.0,0.0,0.0,0.0,0.0,0.0,0.0,0.0,0.0,0.0,0.0,0.0,0.19,0.48,0.69,2.06,2.53,2.08,2.18,1.69,0.74,0.61,27.6,26.8,26.7,26.0,25.6,25.2,24.7,24.1,23.7,23.6,23.1,22.7,22.8,22.9,22.9,24.0,25.0,27.6,29.9,30.8,29.6,28.7,28.4,28.5,1.85,1.85,1.85,1.85,1.85,1.85,1.85,1.85,1.85,1.85,1.85,1.85,1.85,1.85,4.77,4.77,4.77,4.77,4.77,1.85,1.85,1.85,4.77,4.77,20,17,13,16,21,17,17,21,25,30,33,33,33,32,27,21,19,8,11,20,17,12,11,17,-2.919
-0.86603,-0.5,0.0,1.0,27.1,15.86,16.08,15.61,14.72,10.69,9.93,9.12,9.0,9.45,9.71,12.01,11.33,11.15,15.23,26.83,42.71,48.93,52.37,43.95,57.89,57.72,58.44,51.13,0.14,0.0,0.0,0.0,0.0,0.0,0.0,0.0,0.0,0.0,0.0,0.0,0.0,0.19,0.48,0.69,2.06,2.53,2.08,2.18,1.69,0.74,0.61,0.58,26.8,26.7,26.0,25.6,25.2,24.7,24.1,23.7,23.6,23.1,22.7,22.8,22.9,22.9,24.0,25.0,27.6,29.9,30.8,29.6,28.7,28.4,28.5,27.9,1.85,1.85,1.85,1.85,1.85,1.85,1.85,1.85,1.85,1.85,1.85,1.85,1.85,4.77,4.77,4.77,4.77,4.77,1.85,1.85,1.85,4.77,4.77,4.77,17,13,16,21,17,17,21,25,30,33,33,33,32,27,21,19,8,11,20,17,12,11,17,7,-4.293
-0.96593,-0.25882,0.0,1.0,15.86,16.08,15.61,14.72,10.69,9.93,9.12,9.0,9.45,9.71,12.01,11.33,11.15,15.23,26.83,42.71,48.93,52.37,43.95,57.89,57.72,58.44,51.13,76.64,0.0,0.0,0.0,0.0,0.0,0.0,0.0,0.0,0.0,0.0,0.0,0.0,0.19,0.48,0.69,2.06,2.53,2.08,2.18,1.69,0.74,0.61,0.58,0.18,26.7,26.0,25.6,25.2,24.7,24.1,23.7,23.6,23.1,22.7,22.8,22.9,22.9,24.0,25.0,27.6,29.9,30.8,29.6,28.7,28.4,28.5,27.9,26.8,1.85,1.85,1.85,1.85,1.85,1.85,1.85,1.85,1.85,1.85,1.85,1.85,4.77,4.77,4.77,4.77,4.77,1.85,1.85,1.85,4.77,4.77,4.77,4.77,13,16,21,17,17,21,25,30,33,33,33,32,27,21,19,8,11,20,17,12,11,17,7,9,-1.768
-1.0,-0.0,0.0,1.0,16.08,15.61,14.72,10.69,9.93,9.12,9.0,9.45,9.71,12.01,11.33,11.15,15.23,26.83,42.71,48.93,52.37,43.95,57.89,57.72,58.44,51.13,76.64,95.0,0.0,0.0,0.0,0.0,0.0,0.0,0.0,0.0,0.0,0.0,0.0,0.19,0.48,0.69,2.06,2.53,2.08,2.18,1.69,0.74,0.61,0.58,0.18,0.0,26.0,25.6,25.2,24.7,24.1,23.7,23.6,23.1,22.7,22.8,22.9,22.9,24.0,25.0,27.6,29.9,30.8,29.6,28.7,28.4,28.5,27.9,26.8,26.8,1.85,1.85,1.85,1.85,1.85,1.85,1.85,1.85,1.85,1.85,1.85,4.77,4.77,4.77,4.77,4.77,1.85,1.85,1.85,4.77,4.77,4.77,4.77,4.77,16,21,17,17,21,25,30,33,33,33,32,27,21,19,8,11,20,17,12,11,17,7,9,13,-1.42
-0.96593,0.25882,0.0,1.0,15.61,14.72,10.69,9.93,9.12,9.0,9.45,9.71,12.01,11.33,11.15,15.23,26.83,42.71,48.93,52.37,43.95,57.89,57.72,58.44,51.13,76.64,95.0,90.64,0.0,0.0,0.0,0.0,0.0,0.0,0.0,0.0,0.0,0.0,0.19,0.48,0.69,2.06,2.53,2.08,2.18,1.69,0.74,0.61,0.58,0.18,0.0,0.0,25.6,25.2,24.7,24.1,23.7,23.6,23.1,22.7,22.8,22.9,22.9,24.0,25.0,27.6,29.9,30.8,29.6,28.7,28.4,28.5,27.9,26.8,26.8,26.9,1.85,1.85,1.85,1.85,1.85,1.85,1.85,1.85,1.85,1.85,4.77,4.77,4.77,4.77,4.77,1.85,1.85,1.85,4.77,4.77,4.77,4.77,4.77,4.77,21,17,17,21,25,30,33,33,33,32,27,21,19,8,11,20,17,12,11,17,7,9,13,10,-12.094
-0.86603,0.5,0.0,1.0,14.72,10.69,9.93,9.12,9.0,9.45,9.71,12.01,11.33,11.15,15.23,26.83,42.71,48.93,52.37,43.95,57.89,57.72,58.44,51.13,76.64,95.0,90.64,84.01,0.0,0.0,0.0,0.0,0.0,0.0,0.0,0.0,0.0,0.19,0.48,0.69,2.06,2.53,2.08,2.18,1.69,0.74,0.61,0.58,0.18,0.0,0.0,0.0,25.2,24.7,24.1,23.7,23.6,23.1,22.7,22.8,22.9,22.9,24.0,25.0,27.6,29.9,30.8,29.6,28.7,28.4,28.5,27.9,26.8,26.8,26.9,26.7,1.85,1.85,1.85,1.85,1.85,1.85,1.85,1.85,1.85,4.77,4.77,4.77,4.77,4.77,1.85,1.85,1.85,4.77,4.77,4.77,4.77,4.77,4.77,4.77,17,17,21,25,30,33,33,33,32,27,21,19,8,11,20,17,12,11,17,7,9,13,10,18,-10.138
-0.70711,0.70711,0.0,1.0,10.69,9.93,9.12,9.0,9.45,9.71,12.01,11.33,11.15,15.23,26.83,42.71,48.93,52.37,43.95,57.89,57.72,58.44,51.13,76.64,95.0,90.64,84.01,67.94,0.0,0.0,0.0,0.0,0.0,0.0,0.0,0.0,0.19,0.48,0.69,2.06,2.53,2.08,2.18,1.69,0.74,0.61,0.58,0.18,0.0,0.0,0.0,0.0,24.7,24.1,23.7,23.6,23.1,22.7,22.8,22.9,22.9,24.0,25.0,27.6,29.9,30.8,29.6,28.7,28.4,28.5,27.9,26.8,26.8,26.9,26.7,26.3,1.85,1.85,1.85,1.85,1.85,1.85,1.85,1.85,4.77,4.77,4.77,4.77,4.77,1.85,1.85,1.85,4.77,4.77,4.77,4.77,4.77,4.77,4.77,4.77,17,21,25,30,33,33,33,32,27,21,19,8,11,20,17,12,11,17,7,9,13,10,18,15,-12.23
-0.5,0.86603,0.0,1.0,9.93,9.12,9.0,9.45,9.71,12.01,11.33,11.15,15.23,26.83,42.71,48.93,52.37,43.95,57.89,57.72,58.44,51.13,76.64,95.0,90.64,84.01,67.94,12.23,0.0,0.0,0.0,0.0,0.0,0.0,0.0,0.19,0.48,0.69,2.06,2.53,2.08,2.18,1.69,0.74,0.61,0.58,0.18,0.0,0.0,0.0,0.0,0.0,24.1,23.7,23.6,23.1,22.7,22.8,22.9,22.9,24.0,25.0,27.6,29.9,30.8,29.6,28.7,28.4,28.5,27.9,26.8,26.8,26.9,26.7,26.3,25.7,1.85,1.85,1.85,1.85,1.85,1.85,1.85,4.77,4.77,4.77,4.77,4.77,1.85,1.85,1.85,4.77,4.77,4.77,4.77,4.77,4.77,4.77,4.77,4.77,21,25,30,33,33,33,32,27,21,19,8,11,20,17,12,11,17,7,9,13,10,18,15,15,-8.478
-0.25882,0.96593,0.0,1.0,9.12,9.0,9.45,9.71,12.01,11.33,11.15,15.23,26.83,42.71,48.93,52.37,43.95,57.89,57.72,58.44,51.13,76.64,95.0,90.64,84.01,67.94,12.23,9.44,0.0,0.0,0.0,0.0,0.0,0.0,0.19,0.48,0.69,2.06,2.53,2.08,2.18,1.69,0.74,0.61,0.58,0.18,0.0,0.0,0.0,0.0,0.0,0.0,23.7,23.6,23.1,22.7,22.8,22.9,22.9,24.0,25.0,27.6,29.9,30.8,29.6,28.7,28.4,28.5,27.9,26.8,26.8,26.9,26.7,26.3,25.7,25.2,1.85,1.85,1.85,1.85,1.85,1.85,4.77,4.77,4.77,4.77,4.77,1.85,1.85,1.85,4.77,4.77,4.77,4.77,4.77,4.77,4.77,4.77,4.77,4.77,25,30,33,33,33,32,27,21,19,8,11,20,17,12,11,17,7,9,13,10,18,15,15,14,14.0
0.0,1.0,0.78183,0.62349,9.0,9.45,9.71,12.01,11.33,11.15,15.23,26.83,42.71,48.93,52.37,43.95,57.89,57.72,58.44,51.13,76.64,95.0,90.64,84.01,67.94,12.23,9.44,9.04,0.0,0.0,0.0,0.0,0.0,0.19,0.48,0.69,2.06,2.53,2.08,2.18,1.69,0.74,0.61,0.58,0.18,0.0,0.0,0.0,0.0,0.0,0.0,0.0,23.6,23.1,22.7,22.8,22.9,22.9,24.0,25.0,27.6,29.9,30.8,29.6,28.7,28.4,28.5,27.9,26.8,26.8,26.9,26.7,26.3,25.7,25.2,24.9,1.85,1.85,1.85,1.85,1.85,4.77,4.77,4.77,4.77,4.77,1.85,1.85,1.85,4.77,4.77,4.77,4.77,4.77,4.77,4.77,4.77,4.77,4.77,1.85,30,33,33,33,32,27,21,19,8,11,20,17,12,11,17,7,9,13,10,18,15,15,14,19,14.0
0.25882,0.96593,0.78183,0.62349,9.45,9.71,12.01,11.33,11.15,15.23,26.83,42.71,48.93,52.37,43.95,57.89,57.72,58.44,51.13,76.64,95.0,90.64,84.01,67.94,12.23,9.44,9.04,8.53,0.0,0.0,0.0,0.0,0.19,0.48,0.69,2.06,2.53,2.08,2.18,1.69,0.74,0.61,0.58,0.18,0.0,0.0,0.0,0.0,0.0,0.0,0.0,0.0,23.1,22.7,22.8,22.9,22.9,24.0,25.0,27.6,29.9,30.8,29.6,28.7,28.4,28.5,27.9,26.8,26.8,26.9,26.7,26.3,25.7,25.2,24.9,24.2,1.85,1.85,1.85,1.85,4.77,4.77,4.77,4.77,4.77,1.85,1.85,1.85,4.77,4.77,4.77,4.77,4.77,4.77,4.77,4.77,4.77,4.77,1.85,1.85,33,33,33,32,27,21,19,8,11,20,17,12,11,17,7,9,13,10,18,15,15,14,19,22,14.0
0.5,0.86603,0.78183,0.62349,9.71,12.01,11.33,11.15,15.23,26.83,42.71,48.93,52.37,43.95,57.89,57.72,58.44,51.13,76.64,95.0,90.64,84.01,67.94,12.23,9.44,9.04,8.53,10.09,0.0,0.0,0.0,0.19,0.48,0.69,2.06,2.53,2.08,2.18,1.69,0.74,0.61,0.58,0.18,0.0,0.0,0.0,0.0,0.0,0.0,0.0,0.0,0.0,22.7,22.8,22.9,22.9,24.0,25.0,27.6,29.9,30.8,29.6,28.7,28.4,28.5,27.9,26.8,26.8,26.9,26.7,26.3,25.7,25.2,24.9,24.2,24.0,1.85,1.85,1.85,4.77,4.77,4.77,4.77,4.77,1.85,1.85,1.85,4.77,4.77,4.77,4.77,4.77,4.77,4.77,4.77,4.77,4.77,1.85,1.85,1.85,33,33,32,27,21,19,8,11,20,17,12,11,17,7,9,13,10,18,15,15,14,19,22,23,14.0
0.70711,0.70711,0.78183,0.62349,12.01,11.33,11.15,15.23,26.83,42.71,48.93,52.37,43.95,57.89,57.72,58.44,51.13,76.64,95.0,90.64,84.01,67.94,12.23,9.44,9.04,8.53,10.09,9.66,0.0,0.0,0.19,0.48,0.69,2.06,2.53,2.08,2.18,1.69,0.74,0.61,0.58,0.18,0.0,0.0,0.0,0.0,0.0,0.0,0.0,0.0,0.0,0.0,22.8,22.9,22.9,24.0,25.0,27.6,29.9,30.8,29.6,28.7,28.4,28.5,27.9,26.8,26.8,26.9,26.7,26.3,25.7,25.2,24.9,24.2,24.0,23.6,1.85,1.85,4.77,4.77,4.77,4.77,4.77,1.85,1.85,1.85,4.77,4.77,4.77,4.77,4.77,4.77,4.77,4.77,4.77,4.77,1.85,1.85,1.85,1.85,33,32,27,21,19,8,11,20,17,12,11,17,7,9,13,10,18,15,15,14,19,22,23,26,14.0
0.86603,0.5,0.78183,0.62349,11.33,11.15,15.23,26.83,42.71,48.93,52.37,43.95,57.89,57.72,58.44,51.13,76.64,95.0,90.64,84.01,67.94,12.23,9.44,9.04,8.53,10.09,9.66,11.17,0.0,0.19,0.48,0.69,2.06,2.53,2.08,2.18,1.69,0.74,0.61,0.58,0.18,0.0,0.0,0.0,0.0,0.0,0.0,0.0,0.0,0.0,0.0,0.0,22.9,22.9,24.0,25.0,27.6,29.9,30.8,29.6,28.7,28.4,28.5,27.9,26.8,26.8,26.9,26.7,26.3,25.7,25.2,24.9,24.2,24.0,23.6,23.4,1.85,4.77,4.77,4.77,4.77,4.77,1.85,1.85,1.85,4.77,4.77,4.77,4.77,4.77,4.77,4.77,4.77,4.77,4.77,1.85,1.85,1.85,1.85,1.85,32,27,21,19,8,11,20,17,12,11,17,7,9,13,10,18,15,15,14,19,22,23,26,21,14.0
0.96593,0.25882,0.78183,0.62349,11.15,15.23,26.83,42.71,48.93,52.37,43.95,57.89,57.72,58.44,51.13,76.64,95.0,90.64,84.01,67.94,12.23,9.44,9.04,8.53,10.09,9.66,11.17,11.3,0.19,0.48,0.69,2.06,2.53,2.08,2.18,1.69,0.74,0.61,0.58,0.18,0.0,0.0,0.0,0.0,0.0,0.0,0.0,0.0,0.0,0.0,0.0,0.0,22.9,24.0,25.0,27.6,29.9,30.8,29.6,28.7,28.4,28.5,27.9,26.8,26.8,26.9,26.7,26.3,25.7,25.2,24.9,24.2,24.0,23.6,23.4,23.8,4.77,4.77,4.77,4.77,4.77,1.85,1.85,1.85,4.77,4.77,4.77,4.77,4.77,4.77,4.77,4.77,4.77,4.77,1.85,1.85,1.85,1.85,1.85,1.85,27,21,19,8,11,20,17,12,11,17,7,9,13,10,18,15,15,14,19,22,23,26,21,23,2.85
1.0,0.0,0.78183,0.62349,15.23,26.83,42.71,48.93,52.37,43.95,57.89,57.72,58.44,51.13,76.64,95.0,90.64,84.01,67.94,12.23,9.44,9.04,8.53,10.09,9.66,11.17,11.3,10.56,0.48,0.69,2.06,2.53,2.08,2.18,1.69,0.74,0.61,0.58,0.18,0.0,0.0,0.0,0.0,0.0,0.0,0.0,0.0,0.0,0.0,0.0,0.0,0.03,24.0,25.0,27.6,29.9,30.8,29.6,28.7,28.4,28.5,27.9,26.8,26.8,26.9,26.7,26.3,25.7,25.2,24.9,24.2,24.0,23.6,23.4,23.8,23.8,4.77,4.77,4.77,4.77,1.85,1.85,1.85,4.77,4.77,4.77,4.77,4.77,4.77,4.77,4.77,4.77,4.77,1.85,1.85,1.85,1.85,1.85,1.85,4.77,21,19,8,11,20,17,12,11,17,7,9,13,10,18,15,15,14,19,22,23,26,21,23,23,-10.846
0.96593,-0.25882,0.78183,0.62349,26.83,42.71,48.93,52.37,43.95,57.89,57.72,58.44,51.13,76.64,95.0,90.64,84.01,67.94,12.23,9.44,9.04,8.53,10.09,9.66,11.17,11.3,10.56,12.86,0.69,2.06,2.53,2.08,2.18,1.69,0.74,0.61,0.58,0.18,0.0,0.0,0.0,0.0,0.0,0.0,0.0,0.0,0.0,0.0,0.0,0.0,0.03,0.09,25.0,27.6,29.9,30.8,29.6,28.7,28.4,28.5,27.9,26.8,26.8,26.9,26.7,26.3,25.7,25.2,24.9,24.2,24.0,23.6,23.4,23.8,23.8,23.6,4.77,4.77,4.77,1.85,1.85,1.85,4.77,4.77,4.77,4.77,4.77,4.77,4.77,4.77,4.77,4.77,1.85,1.85,1.85,1.85,1.85,1.85,4.77,4.77,19,8,11,20,17,12,11,17,7,9,13,10,18,15,15,14,19,22,23,26,21,23,23,14,-1.227
0.86603,-0.5,0.78183,0.62349,42.71,48.93,52.37,43.95,57.89,57.72,58.44,51.13,76.64,95.0,90.64,84.01,67.94,12.23,9.44,9.04,8.53,10.09,9.66,11.17,11.3,10.56,12.86,36.98,2.06,2.53,2.08,2.18,1.69,0.74,0.61,0.58,0.18,0.0,0.0,0.0,0.0,0.0,0.0,0.0,0.0,0.0,0.0,0.0,0.0,0.03,0.09,0.22,27.6,29.9,30.8,29.6,28.7,28.4,28.5,27.9,26.8,26.8,26.9,26.7,26.3,25.7,25.2,24.9,24.2,24.0,23.6,23.4,23.8,23.8,23.6,23.0,4.77,4.77,1.85,1.85,1.85,4.77,4.77,4.77,4.77,4.77,4.77,4.77,4.77,4.77,4.77,1.85,1.85,1.85,1.85,1.85,1.85,4.77,4.77,4.77,8,11,20,17,12,11,17,7,9,13,10,18,15,15,14,19,22,23,26,21,23,23,14,7,-5.494
0.70711,-0.70711,0.78183,0.62349,48.93,52.37,43.95,57.89,57.72,58.44,51.13,76.64,95.0,90.64,84.01,67.94,12.23,9.44,9.04,8.53,10.09,9.66,11.17,11.3,10.56,12.86,36.98,42.61,2.53,2.08,2.18,1.69,0.74,0.61,0.58,0.18,0.0,0.0,0.0,0.0,0.0,0.0,0.0,0.0,0.0,0.0,0.0,0.0,0.03,0.09,0.22,0.4,29.9,30.8,29.6,28.7,28.4,28.5,27.9,26.8,26.8,26.9,26.7,26.3,25.7,25.2,24.9,24.2,24.0,23.6,23.4,23.8,23.8,23.6,23.0,20.3,4.77,1.85,1.85,1.85,4.77,4.77,4.77,4.77,4.77,4.77,4.77,4.77,4.77,4.77,1.85,1.85,1.85,1.85,1.85,1.85,4.77,4.77,4.77,4.77,11,20,17,12,11,17,7,9,13,10,18,15,15,14,19,22,23,26,21,23,23,14,7,13,-10.071
0.5,-0.86603,0.78183,0.62349,52.37,43.95,57.89,57.72,58.44,51.13,76.64,95.0,90.64,84.01,67.94,12.23,9.44,9.04,8.53,10.09,9.66,11.17,11.3,10.56,12.86,36.98,42.61,41.89,2.08,2.18,1.69,0.74,0.61,0.58,0.18,0.0,0.0,0.0,0.0,0.0,0.0,0.0,0.0,0.0,0.0,0.0,0.0,0.03,0.09,0.22,0.4,0.91,30.8,29.6,28.7,28.4,28.5,27.9,26.8,26.8,26.9,26.7,26.3,25.7,25.2,24.9,24.2,24.0,23.6,23.4,23.8,23.8,23.6,23.0,20.3,19.9,1.85,1.85,1.85,4.77,4.77,4.77,4.77,4.77,4.77,4.77,4.77,4.77,4.77,1.85,1.85,1.85,1.85,1.85,1.85,4.77,4.77,4.77,4.77,4.77,20,17,12,11,17,7,9,13,10,18,15,15,14,19,22,23,26,21,23,23,14,7,13,15,14.0
0.25882,-0.96593,0.78183,0.62349,43.95,57.89,57.72,58.44,51.13,76.64,95.0,90.64,84.01,67.94,12.23,9.44,9.04,8.53,10.09,9.66,11.17,11.3,10.56,12.86,36.98,42.61,41.89,44.74,2.18,1.69,0.74,0.61,0.58,0.18,0.0,0.0,0.0,0.0,0.0,0.0,0.0,0.0,0.0,0.0,0.0,0.0,0.03,0.09,0.22,0.4,0.91,0.91,29.6,28.7,28.4,28.5,27.9,26.8,26.8,26.9,26.7,26.3,25.7,25.2,24.9,24.2,24.0,23.6,23.4,23.8,23.8,23.6,23.0,20.3,19.9,19.6,1.85,1.85,4.77,4.77,4.77,4.77,4.77,4.77,4.77,4.77,4.77,4.77,1.85,1.85,1.85,1.85,1.85,1.85,4.77,4.77,4.77,4.77,4.77,1.85,17,12,11,17,7,9,13,10,18,15,15,14,19,22,23,26,21,23,23,14,7,13,15,11,14.0
0.0,-1.0,0.78183,0.62349,57.89,57.72,58.44,51.13,76.64,95.0,90.64,84.01,67.94,12.23,9.44,9.04,8.53,10.09,9.66,11.17,11.3,10.56,12.86,36.98,42.61,41.89,44.74,41.27,1.69,0.74,0.61,0.58,0.18,0.0,0.0,0.0,0.0,0.0,0.0,0.0,0.0,0.0,0.0,0.0,0.0,0.03,0.09,0.22,0.4,0.91,0.91,0.6,28.7,28.4,28.5,27.9,26.8,26.8,26.9,26.7,26.3,25.7,25.2,24.9,24.2,24.0,23.6,23.4,23.8,23.8,23.6,23.0,20.3,19.9,19.6,18.6,1.85,4.77,4.77,4.77,4.77,4.77,4.77,4.77,4.77,4.77,4.77,1.85,1.85,1.85,1.85,1.85,1.85,4.77,4.77,4.77,4.77,4.77,1.85,1.85,12,11,17,7,9,13,10,18,15,15,14,19,22,23,26,21,23,23,14,7,13,15,11,13,14.0
-0.5,0.86603,-0.43388,-0.90097,10.73,10.77,10.17,10.66,11.43,14.16,12.56,11.36,15.06,24.64,45.31,44.34,44.98,51.6,57.31,55.41,54.03,49.59,48.27,49.09,47.97,44.09,37.99,12.91,0.0,0.0,0.0,0.0,0.0,0.0,0.0,0.14,0.32,0.89,1.87,2.02,2.27,3.28,2.84,2.31,1.43,0.75,0.21,0.0,0.0,0.0,0.0,0.0,25.7,25.6,25.3,25.1,23.8,23.0,22.8,23.2,22.4,22.6,24.1,25.0,25.9,27.0,27.2,26.5,25.2,23.9,23.5,23.4,23.1,22.8,22.9,22.7,4.77,1.85,1.85,1.85,1.85,1.85,1.85,4.77,4.77,4.77,4.77,4.77,1.85,1.85,1.85,4.77,4.77,4.77,4.77,4.77,4.77,4.77,4.77,4.77,10,13,26,31,33,33,33,31,15,8,19,11,15,18,16,18,18,19,7,4,23,23,16,17,-10.27
-0.25882,0.96593,-0.43388,-0.90097,10.77,10.17,10.66,11.43,14.16,12.56,11.36,15.06,24.64,45.31,44.34,44.98,51.6,57.31,55.41,54.03,49.59,48.27,49.09,47.97,44.09,37.99,12.91,10.27,0.0,0.0,0.0,0.0,0.0,0.0,0.14,0.32,0.89,1.87,2.02,2.27,3.28,2.84,2.31,1.43,0.75,0.21,0.0,0.0,0.0,0.0,0.0,0.0,25.6,25.3,25.1,23.8,23.0,22.8,23.2,22.4,22.6,24.1,25.0,25.9,27.0,27.2,26.5,25.2,23.9,23.5,23.4,23.1,22.8,22.9,22.7,22.5,1.85,1.85,1.85,1.85,1.85,1.85,4.77,4.77,4.77,4.77,4.77,1.85,1.85,1.85,4.77,4.77,4.77,4.77,4.77,4.77,4.77,4.77,4.77,4.77,13,26,31,33,33,33,31,15,8,19,11,15,18,16,18,18,19,7,4,23,23,16,17,18,2.483
0.0,1.0,-0.97493,-0.22252,10.17,10.66,11.43,14.16,12.56,11.36,15.06,24.64,45.31,44.34,44.98,51.6,57.31,55.41,54.03,49.59,48.27,49.09,47.97,44.09,37.99,12.91,10.27,10.09,0.0,0.0,0.0,0.0,0.0,0.14,0.32,0.89,1.87,2.02,2.27,3.28,2.84,2.31,1.43,0.75,0.21,0.0,0.0,0.0,0.0,0.0,0.0,0.0,25.3,25.1,23.8,23.0,22.8,23.2,22.4,22.6,24.1,25.0,25.9,27.0,27.2,26.5,25.2,23.9,23.5,23.4,23.1,22.8,22.9,22.7,22.5,22.5,1.85,1.85,1.85,1.85,1.85,4.77,4.77,4.77,4.77,4.77,1.85,1.85,1.85,4.77,4.77,4.77,4.77,4.77,4.77,4.77,4.77,4.77,4.77,1.85,26,31,33,33,33,31,15,8,19,11,15,18,16,18,18,19,7,4,23,23,16,17,18,18,6.45
0.25882,0.96593,-0.97493,-0.22252,10.66,11.43,14.16,12.56,11.36,15.06,24.64,45.31,44.34,44.98,51.6,57.31,55.41,54.03,49.59,48.27,49.09,47.97,44.09,37.99,12.91,10.27,10.09,9.86,0.0,0.0,0.0,0.0,0.14,0.32,0.89,1.87,2.02,2.27,3.28,2.84,2.31,1.43,0.75,0.21,0.0,0.0,0.0,0.0,0.0,0.0,0.0,0.0,25.1,23.8,23.0,22.8,23.2,22.4,22.6,24.1,25.0,25.9,27.0,27.2,26.5,25.2,23.9,23.5,23.4,23.1,22.8,22.9,22.7,22.5,22.5,22.2,1.85,1.85,1.85,1.85,4.77,4.77,4.77,4.77,4.77,1.85,1.85,1.85,4.77,4.77,4.77,4.77,4.77,4.77,4.77,4.77,4.77,4.77,1.85,1.85,31,33,33,33,31,15,8,19,11,15,18,16,18,18,19,7,4,23,23,16,17,18,18,19,9.4
0.5,0.86603,-0.97493,-0.22252,11.43,14.16,12.56,11.36,15.06,24.64,45.31,44.34,44.98,51.6,57.31,55.41,54.03,49.59,48.27,49.09,47.97,44.09,37.99,12.91,10.27,10.09,9.86,10.34,0.0,0.0,0.0,0.14,0.32,0.89,1.87,2.02,2.27,3.28,2.84,2.31,1.43,0.75,0.21,0.0,0.0,0.0,0.0,0.0,0.0,0.0,0.0,0.0,23.8,23.0,22.8,23.2,22.4,22.6,24.1,25.0,25.9,27.0,27.2,26.5,25.2,23.9,23.5,23.4,23.1,22.8,22.9,22.7,22.5,22.5,22.2,22.1,1.85,1.85,1.85,4.77,4.77,4.77,4.77,4.77,1.85,1.85,1.85,4.77,4.77,4.77,4.77,4.77,4.77,4.77,4.77,4.77,4.77,1.85,1.85,1.85,33,33,33,31,15,8,19,11,15,18,16,18,18,19,7,4,23,23,16,17,18,18,19,24,8.933
0.70711,0.70711,-0.97493,-0.22252,14.16,12.56,11.36,15.06,24.64,45.31,44.34,44.98,51.6,57.31,55.41,54.03,49.59,48.27,49.09,47.97,44.09,37.99,12.91,10.27,10.09,9.86,10.34,10.26,0.0,0.0,0.14,0.32,0.89,1.87,2.02,2.27,3.28,2.84,2.31,1.43,0.75,0.21,0.0,0.0,0.0,0.0,0.0,0.0,0.0,0.0,0.0,0.0,23.0,22.8,23.2,22.4,22.6,24.1,25.0,25.9,27.0,27.2,26.5,25.2,23.9,23.5,23.4,23.1,22.8,22.9,22.7,22.5,22.5,22.2,22.1,22.1,1.85,1.85,4.77,4.77,4.77,4.77,4.77,1.85,1.85,1.85,4.77,4.77,4.77,4.77,4.77,4.77,4.77,4.77,4.77,4.77,1.85,1.85,1.85,1.85,33,33,31,15,8,19,11,15,18,16,18,18,19,7,4,23,23,16,17,18,18,19,24,29,7.167
0.86603,0.5,-0.97493,-0.22252,12.56,11.36,15.06,24.64,45.31,44.34,44.98,51.6,57.31,55.41,54.03,49.59,48.27,49.09,47.97,44.09,37.99,12.91,10.27,10.09,9.86,10.34,10.26,11.43,0.0,0.14,0.32,0.89,1.87,2.02,2.27,3.28,2.84,2.31,1.43,0.75,0.21,0.0,0.0,0.0,0.0,0.0,0.0,0.0,0.0,0.0,0.0,0.0,22.8,23.2,22.4,22.6,24.1,25.0,25.9,27.0,27.2,26.5,25.2,23.9,23.5,23.4,23.1,22.8,22.9,22.7,22.5,22.5,22.2,22.1,22.1,22.1,1.85,4.77,4.77,4.77,4.77,4.77,1.85,1.85,1.85,4.77,4.77,4.77,4.77,4.77,4.77,4.77,4.77,4.77,4.77,1.85,1.85,1.85,1.85,1.85,33,31,15,8,19,11,15,18,16,18,18,19,7,4,23,23,16,17,18,18,19,24,29,30,14.0
0.96593,0.25882,-0.97493,-0.22252,11.36,15.06,24.64,45.31,44.34,44.98,51.6,57.31,55.41,54.03,49.59,48.27,49.09,47.97,44.09,37.99,12.91,10.27,10.09,9.86,10.34,10.26,11.43,12.04,0.14,0.32,0.89,1.87,2.02,2.27,3.28,2.84,2.31,1.43,0.75,0.21,0.0,0.0,0.0,0.0,0.0,0.0,0.0,0.0,0.0,0.0,0.0,0.0,23.2,22.4,22.6,24.1,25.0,25.9,27.0,27.2,26.5,25.2,23.9,23.5,23.4,23.1,22.8,22.9,22.7,22.5,22.5,22.2,22.1,22.1,22.1,22.0,4.77,4.77,4.77,4.77,4.77,1.85,1.85,1.85,4.77,4.77,4.77,4.77,4.77,4.77,4.77,4.77,4.77,4.77,1.85,1.85,1.85,1.85,1.85,1.85,31,15,8,19,11,15,18,16,18,18,19,7,4,23,23,16,17,18,18,19,24,29,30,30,6.1
1.0,0.0,-0.97493,-0.22252,15.06,24.64,45.31,44.34,44.98,51.6,57.31,55.41,54.03,49.59,48.27,49.09,47.97,44.09,37.99,12.91,10.27,10.09,9.86,10.34,10.26,11.43,12.04,10.56,0.32,0.89,1.87,2.02,2.27,3.28,2.84,2.31,1.43,0.75,0.21,0.0,0.0,0.0,0.0,0.0,0.0,0.0,0.0,0.0,0.0,0.0,0.0,0.0,22.4,22.6,24.1,25.0,25.9,27.0,27.2,26.5,25.2,23.9,23.5,23.4,23.1,22.8,22.9,22.7,22.5,22.5,22.2,22.1,22.1,22.1,22.0,20.9,4.77,4.77,4.77,4.77,1.85,1.85,1.85,4.77,4.77,4.77,4.77,4.77,4.77,4.77,4.77,4.77,4.77,1.85,1.85,1.85,1.85,1.85,1.85,2.0,15,8,19,11,15,18,16,18,18,19,7,4,23,23,16,17,18,18,19,24,29,30,30,22,2.067
0.96593,-0.25882,-0.97493,-0.22252,24.64,45.31,44.34,44.98,51.6,57.31,55.41,54.03,49.59,48.27,49.09,47.97,44.09,37.99,12.91,10.27,10.09,9.86,10.34,10.26,11.43,12.04,10.56,18.57,0.89,1.87,2.02,2.27,3.28,2.84,2.31,1.43,0.75,0.21,0.0,0.0,0.0,0.0,0.0,0.0,0.0,0.0,0.0,0.0,0.0,0.0,0.0,0.08,22.6,24.1,25.0,25.9,27.0,27.2,26.5,25.2,23.9,23.5,23.4,23.1,22.8,22.9,22.7,22.5,22.5,22.2,22.1,22.1,22.1,22.0,20.9,21.3,4.77,4.77,4.77,1.85,1.85,1.85,4.77,4.77,4.77,4.77,4.77,4.77,4.77,4.77,4.77,4.77,1.85,1.85,1.85,1.85,1.85,1.85,2.0,2.0,8,19,11,15,18,16,18,18,19,7,4,23,23,16,17,18,18,19,24,29,30,30,22,27,2.05
0.86603,-0.5,-0.97493,-0.22252,45.31,44.34,44.98,51.6,57.31,55.41,54.03,49.59,48.27,49.09,47.97,44.09,37.99,12.91,10.27,10.09,9.86,10.34,10.26,11.43,12.04,10.56,18.57,62.75,1.87,2.02,2.27,3.28,2.84,2.31,1.43,0.75,0.21,0.0,0.0,0.0,0.0,0.0,0.0,0.0,0.0,0.0,0.0,0.0,0.0,0.0,0.08,0.17,24.1,25.0,25.9,27.0,27.2,26.5,25.2,23.9,23.5,23.4,23.1,22.8,22.9,22.7,22.5,22.5,22.2,22.1,22.1,22.1,22.0,20.9,21.3,21.4,4.77,4.77,1.85,1.85,1.85,4.77,4.77,4.77,4.77,4.77,4.77,4.77,4.77,4.77,4.77,1.85,1.85,1.85,1.85,1.85,1.85,2.0,2.0,2.0,19,11,15,18,16,18,18,19,7,4,23,23,16,17,18,18,19,24,29,30,30,22,27,21,2.433
0.70711,-0.70711,-0.97493,-0.22252,44.34,44.98,51.6,57.31,55.41,54.03,49.59,48.27,49.09,47.97,44.09,37.99,12.91,10.27,10.09,9.86,10.34,10.26,11.43,12.04,10.56,18.57,62.75,82.88,2.02,2.27,3.28,2.84,2.31,1.43,0.75,0.21,0.0,0.0,0.0,0.0,0.0,0.0,0.0,0.0,0.0,0.0,0.0,0.0,0.0,0.08,0.17,0.25,25.0,25.9,27.0,27.2,26.5,25.2,23.9,23.5,23.4,23.1,22.8,22.9,22.7,22.5,22.5,22.2,22.1,22.1,22.1,22.0,20.9,21.3,21.4,22.0,4.77,1.85,1.85,1.85,4.77,4.77,4.77,4.77,4.77,4.77,4.77,4.77,4.77,4.77,1.85,1.85,1.85,1.85,1.85,1.85,2.0,2.0,2.0,2.0,11,15,18,16,18,18,19,7,4,23,23,16,17,18,18,19,24,29,30,30,22,27,21,14,0.0
0.5,-0.86603,-0.97493,-0.22252,44.98,51.6,57.31,55.41,54.03,49.59,48.27,49.09,47.97,44.09,37.99,12.91,10.27,10.09,9.86,10.34,10.26,11.43,12.04,10.56,18.57,62.75,82.88,86.15,2.27,3.28,2.84,2.31,1.43,0.75,0.21,0.0,0.0,0.0,0.0,0.0,0.0,0.0,0.0,0.0,0.0,0.0,0.0,0.0,0.08,0.17,0.25,1.2,25.9,27.0,27.2,26.5,25.2,23.9,23.5,23.4,23.1,22.8,22.9,22.7,22.5,22.5,22.2,22.1,22.1,22.1,22.0,20.9,21.3,21.4,22.0,24.5,1.85,1.85,1.85,4.77,4.77,4.77,4.77,4.77,4.77,4.77,4.77,4.77,4.77,1.85,1.85,1.85,1.85,1.85,1.85,2.0,2.0,2.0,2.0,2.0,15,18,16,18,18,19,7,4,23,23,16,17,18,18,19,24,29,30,30,22,27,21,14,15,3.683
0.25882,-0.96593,-0.97493,-0.22252,51.6,57.31,55.41,54.03,49.59,48.27,49.09,47.97,44.09,37.99,12.91,10.27,10.09,9.86,10.34,10.26,11.43,12.04,10.56,18.57,62.75,82.88,86.15,88.47,3.28,2.84,2.31,1.43,0.75,0.21,0.0,0.0,0.0,0.0,0.0,0.0,0.0,0.0,0.0,0.0,0.0,0.0,0.0,0.08,0.17,0.25,1.2,2.28,27.0,27.2,26.5,25.2,23.9,23.5,23.4,23.1,22.8,22.9,22.7,22.5,22.5,22.2,22.1,22.1,22.1,22.0,20.9,21.3,21.4,22.0,24.5,26.8,1.85,1.85,4.77,4.77,4.77,4.77,4.77,4.77,4.77,4.77,4.77,4.77,1.85,1.85,1.85,1.85,1.85,1.85,2.0,2.0,2.0,2.0,2.0,1.85,18,16,18,18,19,7,4,23,23,16,17,18,18,19,24,29,30,30,22,27,21,14,15,16,4.233
0.0,-1.0,-0.97493,-0.22252,57.31,55.41,54.03,49.59,48.27,49.09,47.97,44.09,37.99,12.91,10.27,10.09,9.86,10.34,10.26,11.43,12.04,10.56,18.57,62.75,82.88,86.15,88.47,87.79,2.84,2.31,1.43,0.75,0.21,0.0,0.0,0.0,0.0,0.0,0.0,0.0,0.0,0.0,0.0,0.0,0.0,0.0,0.08,0.17,0.25,1.2,2.28,2.45,27.2,26.5,25.2,23.9,23.5,23.4,23.1,22.8,22.9,22.7,22.5,22.5,22.2,22.1,22.1,22.1,22.0,20.9,21.3,21.4,22.0,24.5,26.8,27.7,1.85,4.77,4.77,4.77,4.77,4.77,4.77,4.77,4.77,4.77,4.77,1.85,1.85,1.85,1.85,1.85,1.85,2.0,2.0,2.0,2.0,2.0,1.85,1.85,16,18,18,19,7,4,23,23,16,17,18,18,19,24,29,30,30,22,27,21,14,15,16,20,9.933
-0.25882,-0.96593,-0.97493,-0.22252,55.41,54.03,49.59,48.27,49.09,47.97,44.09,37.99,12.91,10.27,10.09,9.86,10.34,10.26,11.43,12.04,10.56,18.57,62.75,82.88,86.15,88.47,87.79,89.7,2.31,1.43,0.75,0.21,0.0,0.0,0.0,0.0,0.0,0.0,0.0,0.0,0.0,0.0,0.0,0.0,0.0,0.08,0.17,0.25,1.2,2.28,2.45,1.35,26.5,25.2,23.9,23.5,23.4,23.1,22.8,22.9,22.7,22.5,22.5,22.2,22.1,22.1,22.1,22.0,20.9,21.3,21.4,22.0,24.5,26.8,27.7,27.3,4.77,4.77,4.77,4.77,4.77,4.77,4.77,4.77,4.77,4.77,1.85,1.85,1.85,1.85,1.85,1.85,2.0,2.0,2.0,2.0,2.0,1.85,1.85,1.85,18,18,19,7,4,23,23,16,17,18,18,19,24,29,30,30,22,27,21,14,15,16,20,18,0.0
0.25882,0.96593,0.97493,-0.22252,10.55,11.17,12.36,13.74,12.4,22.71,45.45,50.91,53.07,53.58,58.53,80.42,83.15,70.06,62.25,78.31,83.06,76.9,72.16,57.75,13.2,10.2,9.95,9.69,0.0,0.0,0.0,0.02,0.3,0.95,1.09,0.78,1.52,2.51,2.53,1.18,1.32,0.76,0.24,0.09,0.0,0.0,0.0,0.0,0.0,0.0,0.0,0.0,25.7,25.6,25.3,25.3,26.0,27.6,28.2,28.0,29.5,30.3,31.2,30.4,29.1,28.5,28.2,27.9,27.2,26.9,26.9,26.6,25.4,25.1,25.3,25.4,1.85,1.85,1.85,1.85,4.77,4.77,4.77,4.77,4.77,1.85,1.85,1.85,4.77,4.77,4.77,4.77,4.77,4.77,4.77,4.77,4.77,4.77,1.85,1.85,30,31,33,30,29,21,10,15,16,16,19,13,19,12,13,17,8,9,17,18,15,19,20,25,14.0
0.5,0.86603,0.97493,-0.22252,11.17,12.36,13.74,12.4,22.71,45.45,50.91,53.07,53.58,58.53,80.42,83.15,70.06,62.25,78.31,83.06,76.9,72.16,57.75,13.2,10.2,9.95,9.69,10.47,0.0,0.0,0.02,0.3,0.95,1.09,0.78,1.52,2.51,2.53,1.18,1.32,0.76,0.24,0.09,0.0,0.0,0.0,0.0,0.0,0.0,0.0,0.0,0.0,25.6,25.3,25.3,26.0,27.6,28.2,28.0,29.5,30.3,31.2,30.4,29.1,28.5,28.2,27.9,27.2,26.9,26.9,26.6,25.4,25.1,25.3,25.4,25.6,1.85,1.85,1.85,4.77,4.77,4.77,4.77,4.77,1.85,1.85,1.85,4.77,4.77,4.77,4.77,4.77,4.77,4.77,4.77,4.77,4.77,1.85,1.85,1.85,31,33,30,29,21,10,15,16,16,19,13,19,12,13,17,8,9,17,18,15,19,20,25,28,14.0
0.70711,0.70711,0.97493,-0.22252,12.36,13.74,12.4,22.71,45.45,50.91,53.07,53.58,58.53,80.42,83.15,70.06,62.25,78.31,83.06,76.9,72.16,57.75,13.2,10.2,9.95,9.69,10.47,10.76,0.0,0.02,0.3,0.95,1.09,0.78,1.52,2.51,2.53,1.18,1.32,0.76,0.24,0.09,0.0,0.0,0.0,0.0,0.0,0.0,0.0,0.0,0.0,0.0,25.3,25.3,26.0,27.6,28.2,28.0,29.5,30.3,31.2,30.4,29.1,28.5,28.2,27.9,27.2,26.9,26.9,26.6,25.4,25.1,25.3,25.4,25.6,24.7,1.85,1.85,4.77,4.77,4.77,4.77,4.77,1.85,1.85,1.85,4.77,4.77,4.77,4.77,4.77,4.77,4.77,4.77,4.77,4.77,1.85,1.85,1.85,1.85,33,30,29,21,10,15,16,16,19,13,19,12,13,17,8,9,17,18,15,19,20,25,28,29,14.0
0.86603,0.5,0.97493,-0.22252,13.74,12.4,22.71,45.45,50.91,53.07,53.58,58.53,80.42,83.15,70.06,62.25,78.31,83.06,76.9,72.16,57.75,13.2,10.2,9.95,9.69,10.47,10.76,11.92,0.02,0.3,0.95,1.09,0.78,1.52,2.51,2.53,1.18,1.32,0.76,0.24,0.09,0.0,0.0,0.0,0.0,0.0,0.0,0.0,0.0,0.0,0.0,0.0,25.3,26.0,27.6,28.2,28.0,29.5,30.3,31.2,30.4,29.1,28.5,28.2,27.9,27.2,26.9,26.9,26.6,25.4,25.1,25.3,25.4,25.6,24.7,24.2,1.85,4.77,4.77,4.77,4.77,4.77,1.85,1.85,1.85,4.77,4.77,4.77,4.77,4.77,4.77,4.77,4.77,4.77,4.77,1.85,1.85,1.85,1.85,1.85,30,29,21,10,15,16,16,19,13,19,12,13,17,8,9,17,18,15,19,20,25,28,29,30,14.0
0.96593,0.25882,0.97493,-0.22252,12.4,22.71,45.45,50.91,53.07,53.58,58.53,80.42,83.15,70.06,62.25,78.31,83.06,76.9,72.16,57.75,13.2,10.2,9.95,9.69,10.47,10.76,11.92,11.79,0.3,0.95,1.09,0.78,1.52,2.51,2.53,1.18,1.32,0.76,0.24,0.09,0.0,0.0,0.0,0.0,0.0,0.0,0.0,0.0,0.0,0.0,0.0,0.03,26.0,27.6,28.2,28.0,29.5,30.3,31.2,30.4,29.1,28.5,28.2,27.9,27.2,26.9,26.9,26.6,25.4,25.1,25.3,25.4,25.6,24.7,24.2,24.5,4.77,4.77,4.77,4.77,4.77,1.85,1.85,1.85,4.77,4.77,4.77,4.77,4.77,4.77,4.77,4.77,4.77,4.77,1.85,1.85,1.85,1.85,1.85,1.85,29,21,10,15,16,16,19,13,19,12,13,17,8,9,17,18,15,19,20,25,28,29,30,29,-2.178
