時間/館舍,女五舍,三號館,-電子顯微鏡館-,農化二館暨行政大樓,性別平等教育委員會,物理系液氮機室,-推廣中心-,-城鄉所-,大門口警衛室,一號館,一號館1F(戲劇系),一號館2F,一號館3F,動物標本館,漁業陳列館,-漁業生物實驗室-,女一舍,女三舍,女二舍,植物病毒研究室,植物溫室,植物標本館,椰林大道路燈前段,雜工班,二號館,2號館1F,2號館2F,2號館3F,datetime
0~1,11.75,50.65,5.24,25.08,0.33,0.13,10.48,5.27,1.7,82.18,2.66,20.24,59.28,1.08,0.59,0.16,33.4,32.85,27.62,2.22,3.65,2.75,4.41,0.85,143.53,4.78,54.26,65.87,2024-01-29 00:00:00
1~2,10.06,49.94,5.03,24.8,0.32,0.15,10.92,5.11,1.65,79.26,2.62,19.75,56.89,1.05,0.6,0.17,25.15,26.78,23.72,2.22,3.66,3.04,4.41,0.67,143.81,4.72,54.87,65.5,2024-01-29 01:00:00
2~3,8.13,49.63,5.16,24.2,0.33,0.14,9.96,5.23,1.69,80.93,2.6,20.11,58.22,1.11,0.61,0.16,23.14,19.36,48.16,2.25,3.6,2.66,4.42,1.07,144.39,4.72,55.03,65.31,2024-01-29 02:00:00
3~4,6.87,49.02,5.27,24.3,0.33,0.05,10.42,5.3,1.73,79.24,2.55,19.46,57.23,1.07,0.61,0.17,18.23,15.02,45.83,2.25,3.59,2.69,4.42,1.44,143.95,5.03,54.78,65.01,2024-01-29 03:00:00
4~5,6.0,48.29,5.19,24.39,0.33,0.02,11.56,5.19,1.68,79.53,2.5,19.91,57.12,1.11,0.63,0.16,15.78,14.41,15.07,2.25,3.6,2.74,4.43,0.94,144.27,4.75,55.13,64.93,2024-01-29 04:00:00
5~6,5.63,48.28,5.26,24.28,0.32,0.03,11.98,5.14,1.66,80.16,2.54,19.78,57.84,1.04,0.63,0.17,15.02,14.03,34.08,2.34,3.65,3.19,4.42,1.08,143.97,5.06,55.08,64.81,2024-01-29 05:00:00
6~7,5.19,48.34,5.12,24.62,0.29,0.04,10.41,4.5,1.22,81.29,2.46,19.55,59.28,1.07,0.62,0.16,13.41,13.04,37.04,2.35,4.72,3.09,2.4,1.53,146.11,4.88,55.22,65.94,2024-01-29 06:00:00
7~8,5.0,49.28,5.68,24.54,0.07,0.05,13.81,4.28,0.62,81.4,2.5,20.1,58.8,1.43,0.6,0.17,13.57,12.11,61.51,2.4,4.4,3.44,0.13,1.90,147.44,5.56,54.91,66.81,2024-01-29 07:00:00
8~9,5.06,51.62,7.22,31.51,0.06,0.11,21.93,4.23,0.68,85.52,3.0,22.88,59.64,1.37,0.82,0.01,14.81,13.13,100.68,2.35,4.16,4.35,0.0,2.32,157.01,7.59,57.51,70.75,2024-01-29 08:00:00
9~10,5.56,56.32,7.1,34.12,0.06,0.09,26.84,4.03,0.62,92.95,4.44,24.12,64.39,0.82,1.15,0.0,14.93,13.64,53.92,2.47,3.9,4.75,0.0,2.31,164.53,10.26,61.28,71.37,2024-01-29 09:00:00
10~11,6.5,65.75,7.22,35.35,0.06,0.08,25.9,3.89,0.65,101.36,4.44,25.76,71.16,0.89,1.6,0.0,16.31,13.43,18.92,2.37,4.52,5.78,0.0,1.82,172.18,10.25,64.23,75.38,2024-01-29 10:00:00
11~12,11.75,69.53,7.87,36.38,0.07,0.0,28.52,3.88,0.66,100.62,5.07,26.1,69.45,0.86,0.91,0.0,16.32,15.99,18.19,2.38,4.16,5.65,0.0,2.02,174.67,9.25,65.78,77.81,2024-01-29 11:00:00
12~13,7.94,64.97,7.96,37.38,0.07,0.03,27.59,3.91,0.66,101.52,4.39,26.13,71.0,0.93,0.82,0.0,14.88,16.24,24.7,2.65,4.15,5.28,0.0,1.48,179.86,9.74,68.06,81.38,2024-01-29 12:00:00
13~14,6.81,68.1,9.12,38.35,0.06,0.07,30.13,3.78,0.63,103.29,4.04,28.7,70.55,0.82,1.14,0.0,14.57,18.25,56.53,2.69,4.22,5.81,0.0,1.66,180.98,10.2,68.18,81.25,2024-01-29 13:00:00
14~15,6.13,70.83,10.25,38.35,0.07,0.03,30.9,3.47,0.86,106.67,4.25,27.56,74.86,1.08,1.64,0.0,14.51,15.87,29.25,2.69,4.6,5.82,0.0,1.87,179.96,9.43,66.15,82.57,2024-01-29 14:00:00
15~16,5.12,66.54,9.09,39.31,0.07,0.02,31.76,3.74,0.66,105.39,3.85,27.41,74.13,1.09,1.72,0.0,16.32,15.8,17.58,2.72,4.84,4.94,0.0,5.91,178.50,9.34,67.31,79.93,2024-01-29 15:00:00
16~17,5.81,67.0,9.3,38.8,0.07,0.29,29.4,3.07,0.89,105.51,5.05,27.27,73.19,1.0,1.62,0.03,16.87,16.51,18.67,2.75,3.97,4.81,0.19,4.07,180.08,9.94,65.16,82.75,2024-01-29 16:00:00
17~18,7.44,65.5,8.35,37.08,0.27,0.13,28.41,3.19,1.62,105.57,4.31,27.37,73.89,1.15,1.56,0.17,15.76,19.92,38.14,2.71,3.54,4.54,4.44,0.84,181.42,8.5,67.59,84.63,2024-01-29 17:00:00
18~19,8.19,60.09,7.13,31.43,0.33,0.12,26.08,4.1,1.7,101.37,4.57,26.07,70.73,0.99,1.52,0.17,17.38,18.12,52.86,2.5,3.52,3.89,4.46,0.94,183.74,6.09,73.6,84.25,2024-01-29 18:00:00
19~20,9.19,59.13,7.03,31.19,0.33,0.12,23.28,4.13,1.65,94.05,3.5,25.29,65.26,1.16,0.87,0.17,20.46,25.3,26.28,2.44,3.34,3.67,4.42,0.85,180.63,5.69,73.97,81.87,2024-01-29 19:00:00
20~21,11.75,56.12,6.46,30.93,0.32,0.12,16.09,3.1,1.67,93.9,3.54,24.33,66.03,1.09,0.65,0.16,19.19,25.12,33.6,2.38,2.96,3.4,4.42,0.93,172.04,5.22,69.13,78.44,2024-01-29 20:00:00
21~22,8.62,52.25,5.93,30.27,0.33,0.13,15.44,3.31,1.69,89.62,3.31,23.99,62.32,1.08,0.75,0.17,25.4,33.67,31.0,2.31,3.03,3.25,4.4,0.86,160.94,5.62,61.42,74.63,2024-01-29 21:00:00
22~23,15.69,49.88,6.01,28.92,0.32,0.14,9.82,3.4,1.66,84.62,2.94,21.17,60.51,1.12,0.84,0.17,28.07,27.97,52.79,2.31,3.03,3.37,4.39,1.00,157.43,6.51,59.51,72.37,2024-01-29 22:00:00
23~24,11.0,49.28,5.13,28.13,0.33,0.13,8.75,3.81,1.73,82.66,2.74,20.78,59.14,1.18,0.73,0.16,28.05,30.17,90.68,2.28,3.16,3.48,4.41,1.36,154.41,4.9,58.87,71.25,2024-01-29 23:00:00
0~1,11.25,47.84,5.33,26.97,0.33,0.15,8.69,3.71,1.68,82.21,2.53,20.97,58.71,1.22,0.84,0.17,25.42,25.66,113.7,2.35,3.04,3.05,4.4,1.16,150.92,5.26,57.63,68.62,2024-01-30 00:00:00
1~2,7.94,48.13,5.49,26.92,0.32,0.14,8.26,6.74,1.69,81.82,2.85,20.38,58.59,1.16,0.7,0.17,23.02,23.42,61.14,2.4,3.09,2.92,4.4,1.07,149.36,4.93,58.03,67.07,2024-01-30 01:00:00
2~3,8.93,47.46,5.33,25.66,0.33,0.15,9.56,4.41,1.72,82.67,2.78,20.82,59.07,1.17,0.76,0.17,16.84,18.59,22.26,2.38,3.1,2.93,4.4,0.87,149.95,5.38,58.26,66.93,2024-01-30 02:00:00
3~4,8.13,47.47,5.12,25.24,0.32,0.07,9.17,3.52,1.72,81.2,2.68,20.37,58.15,1.17,0.66,0.16,15.59,15.85,19.74,2.34,3.16,3.16,4.42,0.83,148.53,4.93,57.32,66.94,2024-01-30 03:00:00
4~5,5.31,47.2,5.18,25.0,0.33,0.02,10.28,3.47,1.68,80.55,2.63,20.38,57.54,1.26,0.87,0.17,15.47,15.16,28.72,2.35,3.16,3.28,4.41,1.12,148.83,5.28,57.45,66.44,2024-01-30 04:00:00
5~6,5.31,46.86,5.35,25.17,0.32,0.02,11.39,3.61,1.65,80.15,2.6,20.29,57.26,1.3,0.72,0.17,14.59,14.42,50.03,2.37,3.22,3.41,4.4,0.73,147.60,5.0,56.58,66.24,2024-01-30 05:00:00
6~7,5.82,46.91,5.26,25.44,0.29,0.02,9.85,3.15,1.32,82.34,2.46,20.69,59.19,1.0,0.7,0.17,19.65,13.78,17.15,2.41,4.35,3.27,2.4,2.27,148.73,4.22,56.56,67.57,2024-01-30 06:00:00
7~8,5.62,47.13,5.24,26.39,0.07,0.0,12.52,2.79,0.63,81.88,2.44,20.65,58.79,0.97,0.74,0.16,12.69,13.13,17.0,2.34,4.28,3.41,0.29,2.33,148.68,4.28,56.46,67.63,2024-01-30 07:00:00
8~9,5.06,49.9,6.05,33.25,0.06,0.01,20.08,2.42,0.7,84.52,3.06,22.26,59.2,0.93,0.77,0.17,12.74,13.56,33.95,2.38,4.27,3.81,0.0,4.62,153.18,6.38,57.6,68.19,2024-01-30 08:00:00
9~10,5.44,55.85,6.64,35.31,0.06,0.0,23.04,2.53,0.68,90.8,3.75,23.41,63.64,0.91,1.23,0.17,13.57,13.99,40.83,2.46,4.41,3.88,0.0,1.40,156.44,6.78,60.73,66.74,2024-01-30 09:00:00
10~11,5.81,66.72,9.35,37.31,0.07,0.0,27.25,4.31,0.73,95.17,3.56,23.91,67.7,0.88,1.59,0.15,12.5,17.45,17.93,2.6,4.77,3.69,0.0,2.10,170.02,8.32,64.39,74.44,2024-01-30 10:00:00
11~12,6.44,64.59,10.47,37.68,0.07,0.0,28.15,4.35,0.66,98.23,3.69,23.75,70.79,0.87,1.66,0.0,14.12,19.31,22.0,2.62,3.97,3.78,0.0,1.85,179.52,8.58,68.48,79.63,2024-01-30 11:00:00
12~13,9.31,64.06,10.07,37.46,0.06,0.03,27.64,4.26,0.66,95.89,4.0,24.21,67.68,1.14,2.09,0.0,15.88,15.12,26.83,2.63,3.59,4.03,0.0,1.65,183.58,7.97,70.4,82.87,2024-01-30 12:00:00
13~14,10.63,66.25,8.98,36.71,0.07,0.0,31.78,4.1,0.66,103.91,3.87,24.44,75.6,0.95,2.48,0.0,14.87,14.76,51.93,2.56,3.65,4.03,0.0,1.58,185.50,7.79,70.22,85.5,2024-01-30 13:00:00
14~15,6.44,68.22,9.22,38.71,0.07,0.01,30.47,4.37,0.66,103.19,4.13,25.12,73.94,0.93,2.04,0.0,17.75,13.37,25.5,2.94,4.72,4.78,0.0,3.61,190.36,8.4,71.17,88.56,2024-01-30 14:00:00
15~16,8.37,64.19,8.94,38.0,0.06,0.0,27.09,4.66,0.7,106.85,4.32,26.61,75.92,1.2,2.11,0.0,21.13,14.12,18.85,3.15,4.53,3.84,0.0,6.67,187.80,7.69,70.44,86.94,2024-01-30 15:00:00
16~17,6.25,65.54,9.12,39.05,0.07,0.0,28.2,5.08,0.79,110.36,4.24,25.56,80.56,0.92,2.16,0.05,21.37,14.88,27.53,2.72,3.96,4.1,0.16,2.99,188.09,6.9,71.24,87.31,2024-01-30 16:00:00
17~18,6.69,66.78,8.71,36.38,0.28,0.07,32.05,5.27,1.62,101.65,4.29,23.99,73.37,0.94,2.29,0.17,22.48,15.68,43.9,2.94,3.78,3.69,4.31,3.15,180.12,5.94,67.36,85.63,2024-01-30 17:00:00
18~19,10.25,63.24,6.68,33.16,0.33,0.14,31.98,4.89,1.7,102.48,4.22,25.16,73.1,1.02,2.05,0.17,19.63,16.68,22.26,3.0,3.66,3.06,4.46,0.71,175.88,5.22,67.43,82.81,2024-01-30 18:00:00
19~20,8.19,61.29,5.36,30.24,0.33,0.12,31.51,5.15,1.68,99.75,5.37,23.81,70.57,1.08,1.47,0.17,20.02,17.23,24.62,2.88,3.22,2.9,4.43,1.10,167.75,4.44,67.03,76.37,2024-01-30 19:00:00
20~21,7.43,56.65,5.41,29.65,0.33,0.13,26.66,5.37,1.69,93.27,4.38,23.89,65.0,1.4,1.41,0.16,23.69,21.94,82.67,3.0,3.02,3.09,4.42,0.94,177.58,4.72,76.67,76.32,2024-01-30 20:00:00
21~22,8.63,57.91,5.53,29.88,0.32,0.12,23.53,4.5,1.65,90.01,3.43,22.9,63.68,1.07,1.32,0.17,22.51,23.99,152.32,2.34,2.97,2.73,4.39,1.24,166.69,4.56,67.7,73.93,2024-01-30 21:00:00
22~23,8.94,53.91,5.4,28.82,0.33,0.13,10.69,7.5,1.69,85.64,2.97,21.1,61.57,1.07,1.4,0.17,23.76,23.18,64.95,2.37,3.03,2.68,4.39,1.06,157.16,4.0,61.04,71.88,2024-01-30 22:00:00
23~24,12.5,51.71,5.38,28.11,0.33,0.13,10.09,4.88,1.69,84.65,2.66,20.87,61.12,1.05,1.5,0.16,30.83,25.72,32.23,2.38,3.04,2.66,4.39,0.99,151.82,4.22,59.01,68.38,2024-01-30 23:00:00
0~1,10.75,51.69,5.51,27.08,0.32,0.13,9.03,5.19,1.65,82.23,2.59,20.71,58.93,1.02,1.34,0.17,25.89,28.11,38.65,2.37,3.02,2.62,4.39,0.93,148.08,3.68,58.64,65.5,2024-01-31 00:00:00
1~2,7.81,51.34,5.42,26.32,0.33,0.14,8.66,4.9,1.7,82.32,2.5,22.24,57.58,1.14,1.31,0.17,23.18,23.67,103.02,2.32,3.03,2.19,4.41,0.88,147.53,4.0,58.48,64.68,2024-01-31 01:00:00
2~3,6.62,50.6,5.48,26.07,0.33,0.14,9.03,4.5,1.68,82.92,2.56,21.9,58.46,1.05,1.37,0.16,20.43,16.8,87.2,2.34,3.03,2.41,4.39,0.88,147.82,3.78,59.12,64.75,2024-01-31 02:00:00
3~4,6.13,51.43,5.66,26.28,0.32,0.11,9.44,4.47,1.7,82.99,2.51,21.44,59.04,1.07,1.34,0.17,17.94,14.6,27.23,2.31,3.04,2.6,4.4,0.93,147.72,4.04,58.73,64.44,2024-01-31 03:00:00
4~5,5.81,50.13,6.05,26.05,0.33,0.02,10.33,4.42,1.66,82.81,2.5,21.48,58.83,1.08,1.47,0.17,16.44,13.04,17.88,2.35,3.03,2.59,4.4,1.76,146.04,3.65,58.08,63.5,2024-01-31 04:00:00
5~6,5.63,50.53,5.58,26.39,0.33,0.03,11.12,4.47,1.66,82.58,2.43,21.27,58.88,0.99,1.34,0.16,15.25,13.91,17.6,2.43,3.1,2.53,4.4,1.10,148.52,4.32,59.43,64.31,2024-01-31 05:00:00
6~7,5.0,49.56,5.4,26.38,0.29,0.03,9.7,4.05,1.23,84.83,2.38,21.49,60.96,0.9,1.41,0.17,13.2,13.05,38.54,2.41,4.6,2.93,2.34,1.66,147.68,3.97,58.3,64.57,2024-01-31 06:00:00
7~8,4.87,50.81,5.26,27.05,0.06,0.04,13.7,4.14,0.66,84.07,2.59,21.29,60.19,1.06,1.29,0.17,11.5,12.31,35.38,2.41,4.02,3.03,0.0,2.15,149.10,4.59,58.28,64.68,2024-01-31 07:00:00
8~9,5.56,51.82,6.67,32.6,0.07,0.09,26.38,3.94,0.66,88.67,2.78,23.3,62.59,1.16,1.34,0.09,12.87,13.75,16.7,2.43,3.91,3.82,0.0,2.66,159.61,10.38,60.9,66.81,2024-01-31 08:00:00
9~10,5.0,59.43,6.79,34.73,0.06,0.02,34.07,3.96,0.66,99.5,3.82,25.53,70.15,0.96,1.27,0.0,13.3,13.96,19.57,2.66,4.71,4.9,0.0,1.61,173.08,12.43,65.91,72.07,2024-01-31 09:00:00
10~11,8.0,65.2,7.78,37.7,0.07,0.03,32.32,3.27,0.7,99.3,3.62,26.88,68.8,1.0,2.07,0.0,14.37,13.88,28.17,2.69,4.84,5.85,0.0,1.63,183.09,13.66,68.36,78.37,2024-01-31 10:00:00
11~12,5.57,70.96,8.42,38.01,0.07,0.01,34.76,3.21,0.65,104.15,3.87,26.9,73.38,0.93,2.18,0.0,16.04,15.89,50.89,2.56,4.35,5.94,0.0,---,---,12.41,70.83,80.88,2024-01-31 11:00:00
12~13,5.37,71.5,8.71,37.56,0.07,0.09,35.19,3.18,0.67,106.64,4.13,27.69,74.82,0.88,2.52,0.0,17.29,15.71,26.9,2.56,4.34,5.15,0.0,---,---,8.75,72.65,80.81,2024-01-31 12:00:00
13~14,5.75,70.38,8.47,38.98,0.07,0.1,39.1,3.56,0.62,105.72,3.81,27.85,74.06,0.98,2.34,0.0,15.36,17.64,21.57,2.66,4.22,6.35,0.0,1.37,185.66,8.94,71.53,82.06,2024-01-31 13:00:00
14~15,7.63,76.28,8.94,41.68,0.07,0.09,38.3,3.76,0.66,107.41,3.97,28.6,74.84,0.92,2.43,0.0,19.98,18.33,22.19,2.56,4.66,5.91,0.0,2.02,190.52,10.0,70.86,85.37,2024-01-31 14:00:00
15~16,7.37,75.37,9.25,49.4,0.07,0.1,37.38,4.9,0.66,107.38,4.03,29.14,74.21,1.31,2.62,0.0,17.73,20.34,36.9,2.81,4.85,6.15,0.0,5.83,192.51,8.84,71.61,87.57,2024-01-31 15:00:00
16~17,8.44,74.15,9.63,48.2,0.07,0.09,33.75,5.16,0.78,108.96,3.56,29.73,75.67,1.08,2.58,0.05,15.11,15.14,42.77,2.91,4.28,4.94,0.19,3.85,191.22,7.37,72.6,87.38,2024-01-31 16:00:00
17~18,8.56,72.29,9.05,38.91,0.28,0.12,34.32,5.4,1.63,106.01,3.38,29.5,73.13,1.07,2.47,0.17,19.03,14.96,21.97,2.88,3.9,4.06,4.31,0.74,183.16,5.82,70.23,84.5,2024-01-31 17:00:00
18~19,12.5,66.97,8.43,35.4,0.33,0.13,33.31,5.16,1.69,98.6,3.57,25.4,69.63,1.3,2.18,0.16,21.7,18.62,21.42,2.71,3.4,3.82,4.45,1.01,174.11,4.78,66.14,81.37,2024-01-31 18:00:00
19~20,11.75,62.9,7.36,32.86,0.33,0.13,32.0,4.97,1.67,92.29,3.8,22.29,66.2,1.22,1.52,0.17,19.95,20.42,24.14,2.6,3.29,3.34,4.43,1.76,165.76,3.59,63.89,76.63,2024-01-31 19:00:00
20~21,11.06,62.1,7.38,30.36,0.33,0.13,28.78,4.9,1.66,89.23,4.13,20.66,64.44,1.15,1.32,0.17,29.65,19.61,60.94,2.56,2.9,2.99,4.41,0.85,162.00,3.5,62.61,75.06,2024-01-31 20:00:00
21~22,9.32,60.81,6.92,28.63,0.33,0.14,24.63,4.19,1.7,89.56,3.5,22.62,63.44,1.15,1.54,0.16,20.07,27.37,34.86,2.53,3.04,2.51,4.4,1.20,163.66,3.13,61.63,77.62,2024-01-31 21:00:00
22~23,9.37,57.97,6.86,27.23,0.33,0.13,10.47,3.75,1.66,86.86,3.12,22.07,61.67,1.13,1.47,0.17,23.51,31.17,32.51,2.47,3.03,3.0,4.39,0.78,161.15,3.65,60.84,76.25,2024-01-31 22:00:00
23~24,9.5,55.31,5.57,26.5,0.33,0.12,8.58,3.35,1.66,81.79,2.79,20.25,58.75,1.04,1.56,0.17,28.47,27.09,70.26,2.31,3.03,2.71,4.39,1.02,160.44,3.12,59.84,76.88,2024-01-31 23:00:00
0~1,10.06,53.66,5.75,26.3,0.33,0.13,8.24,4.33,1.69,80.47,2.59,19.5,58.38,1.1,1.57,0.16,21.64,22.55,116.42,2.35,2.97,2.54,4.38,0.72,154.82,3.13,59.49,71.81,2024-02-01 00:00:00
1~2,11.82,50.9,5.63,26.35,0.33,0.13,8.19,2.68,1.67,80.59,2.47,19.78,58.34,0.99,1.55,0.17,21.64,21.17,52.24,2.31,3.02,2.15,4.4,1.22,152.21,2.94,59.78,69.13,2024-02-01 01:00:00
2~3,6.81,50.91,5.71,25.98,0.33,0.14,8.78,2.22,1.7,80.74,2.53,20.46,57.75,1.03,1.46,0.17,17.08,17.05,21.96,2.34,3.04,2.51,4.39,0.72,151.95,3.22,59.12,69.12,2024-02-01 02:00:00
3~4,6.5,51.0,5.44,25.74,0.32,0.07,8.73,2.27,1.69,80.23,2.5,20.04,57.69,1.05,1.56,0.17,15.14,14.92,16.87,2.32,3.04,2.59,4.4,1.58,152.19,2.81,59.82,68.69,2024-02-01 03:00:00
4~5,5.81,50.25,5.56,25.45,0.33,0.02,9.97,2.12,1.69,79.91,2.5,19.21,58.2,1.07,1.6,0.16,16.91,14.84,21.19,2.34,3.03,2.4,4.39,0.95,151.60,3.5,58.98,68.25,2024-02-01 04:00:00
5~6,5.75,50.94,5.47,25.71,0.33,0.03,10.63,2.16,1.66,80.04,2.47,20.17,57.4,1.01,1.44,0.17,14.08,15.12,48.63,2.41,3.16,2.25,4.39,1.02,150.52,3.0,58.76,68.12,2024-02-01 05:00:00
6~7,5.06,49.6,5.47,25.89,0.29,0.07,9.51,1.7,1.22,81.73,2.4,20.14,59.19,1.31,1.42,0.17,12.26,13.67,32.86,2.43,4.41,2.62,2.37,1.55,153.37,3.38,59.38,69.19,2024-02-01 06:00:00
7~8,4.57,49.96,6.13,26.25,0.07,0.05,12.15,1.7,0.62,82.76,2.47,20.49,59.8,0.96,1.4,0.16,11.89,13.37,17.31,2.47,4.08,2.51,0.04,2.42,154.71,3.34,58.94,70.69,2024-02-01 07:00:00
8~9,4.62,52.16,6.58,32.55,0.06,0.04,20.56,1.75,0.69,84.89,2.44,22.01,60.44,1.18,1.54,0.1,11.81,13.63,16.68,2.41,3.97,3.62,0.0,6.18,160.43,4.09,60.83,72.75,2024-02-01 08:00:00
9~10,5.13,58.31,7.1,35.12,0.07,0.05,26.3,1.76,0.66,91.04,3.13,23.59,64.32,1.0,1.68,0.0,12.3,12.76,35.58,2.53,4.46,4.75,0.0,1.66,174.82,7.78,65.28,76.81,2024-02-01 09:00:00
10~11,5.37,68.09,7.5,39.8,0.06,0.08,29.61,2.64,0.66,100.82,3.75,28.19,68.88,0.97,2.52,0.0,15.88,13.3,33.38,2.81,4.91,5.59,0.0,3.49,191.08,9.13,71.5,84.44,2024-02-01 10:00:00
11~12,5.19,72.6,8.32,41.71,0.07,0.08,31.39,3.52,0.7,108.16,3.68,30.31,74.17,0.98,2.6,0.0,14.06,13.7,22.53,2.75,4.68,5.94,0.0,3.02,191.91,7.03,71.58,87.81,2024-02-01 11:00:00
12~13,5.37,74.0,9.45,41.7,0.07,0.09,33.07,3.3,1.04,106.17,3.69,31.52,70.96,1.26,2.28,0.0,17.02,14.67,26.61,2.66,4.29,5.13,0.0,3.18,194.62,6.56,72.55,89.81,2024-02-01 12:00:00
13~14,5.88,74.06,9.21,43.02,0.08,0.09,34.1,3.19,0.73,107.93,3.87,31.99,72.07,0.91,2.42,0.0,23.81,13.81,22.16,2.65,4.24,5.37,0.0,2.89,197.97,8.25,72.43,91.63,2024-02-01 13:00:00
14~15,5.25,76.81,9.48,43.81,0.07,0.1,33.27,4.23,0.89,111.4,3.69,32.51,75.2,0.99,3.01,0.0,19.42,13.7,48.88,2.72,4.53,5.59,0.0,3.19,210.59,10.1,72.68,102.75,2024-02-01 14:00:00
15~16,5.81,77.35,9.62,42.98,0.07,0.2,32.72,5.84,0.71,115.28,4.38,31.11,79.79,1.33,3.14,0.0,14.67,17.46,19.05,2.38,4.8,5.04,0.0,5.80,217.10,9.09,81.27,100.94,2024-02-01 15:00:00
16~17,8.44,77.12,9.96,42.3,0.07,0.29,31.76,5.49,0.8,109.73,4.1,31.03,74.6,1.07,2.88,0.14,16.48,18.77,20.46,2.25,4.29,3.81,0.19,4.77,215.66,8.13,87.28,94.68,2024-02-01 16:00:00
17~18,7.56,73.19,9.46,38.33,0.28,0.16,30.44,5.37,1.64,107.42,3.99,29.54,73.89,0.92,2.86,0.17,26.49,17.32,20.26,2.22,3.98,3.94,4.34,2.57,200.46,5.81,80.62,90.94,2024-02-01 17:00:00
18~19,8.25,70.16,9.38,35.37,0.33,0.13,27.8,4.42,1.72,105.48,3.22,28.66,73.6,1.07,2.63,0.16,30.14,18.74,49.48,2.06,3.6,3.34,4.44,1.17,194.60,4.66,79.8,87.75,2024-02-01 18:00:00
19~20,10.19,67.21,7.08,32.88,0.33,0.13,26.56,4.31,1.7,97.65,2.97,26.45,68.23,1.37,2.22,0.17,27.69,18.8,35.71,2.0,3.28,3.32,4.42,0.97,191.98,3.59,78.76,87.5,2024-02-01 19:00:00
20~21,14.69,65.25,6.15,31.96,0.33,0.13,19.43,4.23,1.67,94.46,2.81,26.21,65.44,1.15,1.85,0.17,20.32,20.25,24.22,2.03,2.91,3.5,4.4,0.94,188.57,3.21,78.73,84.69,2024-02-01 20:00:00
21~22,10.62,62.78,5.87,30.46,0.34,0.12,16.43,4.57,1.68,94.76,2.62,25.85,66.29,1.1,1.77,0.16,25.2,25.68,40.98,2.0,2.79,3.15,4.38,0.96,185.31,3.31,79.05,80.75,2024-02-01 21:00:00
22~23,10.13,55.97,5.83,28.79,0.32,0.12,11.56,5.88,1.69,92.36,3.0,26.5,62.86,1.29,1.85,0.17,26.31,23.3,116.77,1.91,2.8,3.03,4.38,0.89,184.76,3.2,77.42,82.5,2024-02-01 22:00:00
23~24,9.93,54.69,6.0,28.61,0.33,0.13,8.99,5.76,1.68,87.83,2.6,23.6,61.63,0.95,1.73,0.17,27.25,23.51,89.2,1.78,2.83,3.31,4.37,0.96,184.17,3.12,76.27,82.43,2024-02-01 23:00:00
0~1,9.44,52.35,6.25,27.67,0.33,0.13,8.8,5.89,1.7,84.9,2.56,21.03,61.31,1.03,1.87,0.16,20.41,20.96,32.64,1.81,2.86,3.07,4.39,0.96,178.79,3.22,75.41,78.82,2024-02-02 00:00:00
1~2,7.5,52.22,6.11,27.53,0.33,0.14,8.79,6.46,1.68,86.08,2.6,20.5,62.98,1.05,1.83,0.17,19.2,21.37,28.6,1.69,2.91,2.66,4.38,1.05,174.12,3.5,74.35,74.56,2024-02-02 01:00:00
2~3,6.5,51.56,5.8,27.44,0.33,0.15,9.49,5.01,1.69,85.27,2.52,20.56,62.19,1.05,1.62,0.17,22.59,22.66,24.69,1.62,2.97,2.9,4.39,1.26,172.39,2.87,75.01,73.18,2024-02-02 02:00:00
3~4,6.0,51.18,5.62,27.17,0.34,0.04,9.27,4.88,1.7,85.35,2.67,21.78,60.9,1.05,1.6,0.17,14.89,14.86,27.09,1.63,2.92,2.81,4.38,0.90,171.28,3.13,74.11,72.51,2024-02-02 03:00:00
4~5,6.0,51.63,6.06,27.46,0.32,0.02,10.59,5.07,1.69,83.88,2.62,20.38,60.88,1.0,1.61,0.16,14.08,14.54,44.94,1.65,2.98,2.63,4.41,0.91,169.44,2.9,74.18,70.94,2024-02-02 04:00:00
5~6,5.94,50.97,6.0,27.19,0.34,0.03,11.16,4.81,1.67,86.12,2.59,21.28,62.25,0.97,1.54,0.17,14.02,14.24,17.33,1.72,3.03,3.62,4.39,0.86,169.77,3.16,74.28,70.49,2024-02-02 05:00:00
6~7,5.81,51.71,5.82,27.02,0.29,0.06,9.69,3.15,1.26,85.84,2.44,20.03,63.37,1.02,1.74,0.17,12.21,13.48,17.38,1.72,4.17,3.4,2.37,1.72,170.54,3.13,73.55,71.57,2024-02-02 06:00:00
7~8,5.06,51.41,6.1,27.62,0.06,0.06,12.9,3.1,0.66,87.0,2.72,21.2,63.08,1.32,1.62,0.17,11.81,13.19,35.74,1.69,4.28,3.29,0.0,2.16,171.47,3.59,74.04,71.06,2024-02-02 07:00:00
8~9,9.63,52.94,6.58,34.85,0.07,0.05,22.58,3.42,0.7,90.95,3.06,23.68,64.21,1.03,1.47,0.14,12.43,13.07,33.33,1.72,4.72,4.72,0.0,2.50,173.52,5.28,73.92,71.5,2024-02-02 08:00:00
9~10,6.62,63.15,7.87,37.98,0.07,0.03,24.79,3.37,0.66,94.75,3.56,24.06,67.13,1.29,1.65,0.0,14.99,12.95,18.23,1.84,4.1,4.93,0.0,1.72,181.49,6.69,79.2,72.38,2024-02-02 09:00:00
10~11,5.63,70.25,8.8,41.26,0.07,0.05,27.22,3.59,0.67,98.76,3.88,23.84,71.04,1.06,2.14,0.0,14.06,15.5,24.7,1.75,4.08,5.82,0.0,2.58,187.75,8.22,78.75,77.24,2024-02-02 10:00:00
11~12,7.69,69.67,10.33,43.17,0.07,0.08,28.02,3.29,0.65,102.39,3.62,26.69,72.08,0.98,2.48,0.0,14.61,14.13,53.34,1.81,3.85,5.5,0.0,3.20,191.79,8.0,81.83,78.38,2024-02-02 11:00:00
12~13,5.81,69.62,9.38,38.64,0.07,0.1,26.6,3.56,0.7,103.28,3.66,25.28,74.34,0.99,1.84,0.0,14.75,15.01,28.74,1.91,3.66,4.53,0.0,1.11,190.31,8.32,82.38,76.94,2024-02-02 12:00:00
13~14,6.31,69.71,9.08,38.78,0.08,0.09,27.44,3.75,0.66,101.06,4.0,25.69,71.37,1.21,1.61,0.0,15.0,15.87,21.61,2.09,3.66,5.38,0.0,2.45,192.51,9.83,81.83,77.81,2024-02-02 13:00:00
14~15,5.63,72.13,11.79,41.42,0.07,0.07,30.93,4.41,0.66,108.47,4.19,27.4,76.88,1.04,1.75,0.0,17.43,16.0,45.23,2.47,4.04,5.62,0.0,2.05,195.95,8.85,82.24,82.06,2024-02-02 14:00:00
15~16,5.43,73.03,11.48,41.88,0.07,0.02,29.56,4.44,0.67,110.81,3.9,27.41,79.5,1.23,1.59,0.0,16.56,16.14,27.22,2.57,4.53,5.53,0.0,5.41,197.63,7.0,81.58,85.75,2024-02-02 15:00:00
16~17,5.44,72.32,10.92,39.98,0.08,0.03,30.48,3.93,0.79,110.7,4.0,29.04,77.66,1.06,1.83,0.07,16.0,20.5,99.03,2.43,4.03,4.47,0.19,2.50,195.59,6.15,81.31,84.44,2024-02-02 16:00:00
17~18,6.81,70.31,8.96,37.56,0.27,0.08,29.8,3.91,1.63,108.75,4.13,27.63,76.99,1.18,2.1,0.16,17.99,19.44,76.65,2.57,3.78,4.41,4.39,0.95,187.81,4.88,78.69,82.5,2024-02-02 17:00:00
18~19,6.82,67.09,6.79,33.09,0.34,0.12,26.43,4.26,1.73,103.52,4.41,26.02,73.09,1.23,1.96,0.17,17.89,23.87,24.65,2.46,3.54,4.16,4.45,1.54,181.60,4.13,75.93,80.06,2024-02-02 18:00:00
19~20,7.12,63.69,6.46,30.97,0.33,0.12,24.12,4.19,1.67,101.72,4.21,24.76,72.75,1.17,1.82,0.17,21.13,17.99,23.3,2.5,3.28,3.65,4.44,0.73,174.32,3.18,74.88,75.19,2024-02-02 19:00:00
20~21,7.06,60.59,6.19,30.02,0.33,0.12,15.1,4.12,1.7,99.12,4.22,22.14,72.76,1.16,1.72,0.17,20.76,20.86,23.89,2.41,2.97,3.66,4.4,1.04,169.90,3.53,73.74,71.62,2024-02-02 20:00:00
21~22,7.57,58.34,6.09,29.22,0.33,0.12,13.28,3.29,1.66,91.65,3.94,20.94,66.77,1.11,1.55,0.16,22.69,19.0,37.39,2.38,3.02,3.34,4.4,1.18,167.49,3.31,74.1,69.13,2024-02-02 21:00:00
22~23,9.18,54.7,5.86,28.11,0.33,0.12,9.03,3.03,1.7,89.57,3.75,20.6,65.22,1.11,1.66,0.17,22.51,25.05,60.47,2.5,3.03,3.5,4.4,0.75,164.25,3.16,73.71,66.25,2024-02-02 22:00:00
23~24,16.07,54.3,5.88,28.23,0.33,0.13,8.21,2.91,1.7,87.07,3.13,20.68,63.26,0.99,1.75,0.17,29.95,24.87,30.83,2.5,3.04,3.53,4.38,0.99,162.08,3.37,72.43,64.93,2024-02-02 23:00:00
0~1,15.18,52.57,5.99,28.06,0.33,0.14,7.73,3.52,1.65,85.95,2.77,21.37,61.81,0.97,1.67,0.17,23.85,18.52,28.04,2.5,3.03,2.97,4.39,0.79,160.47,2.85,72.88,63.51,2024-02-03 00:00:00
1~2,7.63,52.28,6.37,27.94,0.34,0.14,7.83,2.55,1.69,83.8,2.54,21.12,60.14,0.98,1.75,0.17,19.04,19.58,80.05,2.46,3.1,3.25,4.4,1.74,160.54,3.15,73.13,63.5,2024-02-03 01:00:00
2~3,6.5,51.66,6.32,27.71,0.32,0.15,8.26,4.52,1.68,82.32,2.53,20.65,59.14,0.99,1.58,0.16,19.26,17.81,99.52,2.5,3.1,3.21,4.4,0.98,159.83,3.07,73.26,62.56,2024-02-03 02:00:00
3~4,5.81,51.18,5.89,27.61,0.34,0.14,8.48,4.46,1.7,83.85,2.78,20.41,60.66,0.98,1.7,0.17,18.66,16.89,32.0,2.44,3.03,3.04,4.39,0.73,159.72,3.09,72.76,62.57,2024-02-03 03:00:00
4~5,5.94,51.85,5.76,26.73,0.32,0.14,9.34,4.28,1.69,82.36,2.66,20.71,58.99,1.01,1.64,0.17,17.23,14.46,18.04,2.44,3.03,2.75,4.4,1.27,158.70,2.88,72.16,62.56,2024-02-03 04:00:00
5~6,6.0,51.13,5.85,26.91,0.34,0.14,10.29,4.34,1.63,81.67,2.65,19.72,59.3,1.05,1.6,0.16,16.96,14.43,20.8,2.44,3.11,3.38,4.4,0.92,160.07,3.15,72.81,62.5,2024-02-03 05:00:00
6~7,5.44,51.65,5.9,26.77,0.29,0.02,8.9,4.03,1.27,83.52,2.59,20.19,60.74,1.02,1.56,0.17,13.93,15.06,29.29,2.53,3.91,3.21,2.32,2.08,161.25,2.95,72.48,63.87,2024-02-03 06:00:00
7~8,4.93,51.12,5.97,26.4,0.06,0.0,11.24,3.98,0.69,82.49,2.6,20.68,59.21,1.24,1.69,0.17,13.15,14.36,47.77,2.53,3.72,2.75,0.0,1.76,161.02,3.43,72.3,63.5,2024-02-03 07:00:00
8~9,4.88,51.81,6.42,28.02,0.07,0.01,13.06,3.88,0.7,85.28,2.66,20.44,62.18,0.93,1.6,0.17,12.44,13.11,23.28,2.34,3.72,3.07,0.0,5.57,159.78,3.1,71.79,63.56,2024-02-03 08:00:00
9~10,5.25,52.22,6.57,29.97,0.06,0.0,13.88,3.25,0.67,89.31,2.69,21.12,65.5,1.18,1.7,0.04,16.94,12.95,17.94,2.35,3.53,4.12,0.0,1.26,161.14,3.81,73.48,62.32,2024-02-03 09:00:00
10~11,6.25,52.72,7.41,32.33,0.07,0.0,15.95,2.11,0.66,94.21,2.81,22.15,69.25,0.9,1.61,0.0,15.26,13.81,17.43,2.31,3.65,5.18,0.0,1.73,165.39,3.21,73.35,66.24,2024-02-03 10:00:00
11~12,5.31,56.41,7.84,34.29,0.07,0.0,18.09,2.03,0.67,98.17,2.81,23.6,71.76,0.94,1.73,0.0,15.2,13.04,51.4,2.28,4.15,5.92,0.0,1.72,167.36,3.45,74.48,66.81,2024-02-03 11:00:00
12~13,6.19,60.31,8.03,34.81,0.07,0.0,19.28,2.22,0.66,94.4,2.63,23.16,68.61,0.86,1.78,0.0,15.84,13.48,31.73,2.28,4.04,5.0,0.0,1.72,171.49,3.25,76.81,68.57,2024-02-03 12:00:00
13~14,7.94,57.41,8.04,34.25,0.06,0.0,19.24,2.45,0.67,97.37,2.77,23.88,70.72,1.12,1.9,0.0,14.34,14.34,18.9,2.31,4.09,4.87,0.0,1.66,173.10,2.96,78.22,68.75,2024-02-03 13:00:00
14~15,6.62,61.12,6.72,34.66,0.07,0.01,20.0,3.22,0.65,95.71,2.91,23.63,69.17,1.67,1.86,0.0,14.56,16.82,20.09,2.29,4.11,4.62,0.0,1.58,162.70,4.03,66.35,69.62,2024-02-03 14:00:00
15~16,5.81,60.38,5.7,34.9,0.07,0.0,19.92,4.67,0.7,96.18,3.16,25.12,67.9,1.21,1.72,0.0,16.25,18.93,27.49,2.34,3.9,4.78,0.0,1.22,160.14,3.56,65.12,69.51,2024-02-03 15:00:00
16~17,5.82,60.12,5.56,34.01,0.07,0.0,17.6,3.78,0.78,97.78,2.75,24.74,70.29,0.94,1.66,0.02,16.63,17.69,57.68,2.41,3.71,4.1,0.15,2.22,157.71,3.63,63.95,67.62,2024-02-03 16:00:00
17~18,6.12,58.34,5.49,32.23,0.27,0.03,15.56,2.97,1.63,94.02,3.0,22.8,68.22,1.1,1.82,0.17,19.18,14.32,26.7,2.34,3.66,3.72,4.3,1.05,153.37,2.91,61.85,67.19,2024-02-03 17:00:00
18~19,6.94,57.17,5.94,31.59,0.33,0.03,13.76,3.33,1.73,93.2,3.78,23.17,66.25,0.93,1.72,0.17,21.57,16.24,22.9,2.28,3.6,3.15,4.47,0.94,156.27,3.77,61.19,70.06,2024-02-03 18:00:00
19~20,7.62,57.18,6.48,30.81,0.33,0.03,14.07,3.68,1.66,91.43,3.53,23.08,64.82,1.0,1.74,0.16,21.77,18.23,29.65,2.44,3.28,3.34,4.44,0.91,156.66,2.69,61.59,71.18,2024-02-03 19:00:00
20~21,8.07,56.78,6.47,30.86,0.34,0.03,13.68,3.54,1.7,95.12,3.56,22.28,69.28,1.01,1.83,0.17,22.01,22.06,57.64,2.34,2.96,3.66,4.42,0.87,155.32,3.16,61.14,69.76,2024-02-03 20:00:00
21~22,8.25,52.82,6.93,29.64,0.33,0.07,13.83,2.89,1.71,91.03,3.66,22.53,64.84,1.01,1.76,0.17,21.94,26.43,30.82,2.38,2.91,3.34,4.41,0.88,153.06,3.31,60.94,68.0,2024-02-03 21:00:00
22~23,7.93,53.25,6.48,29.37,0.33,0.13,10.88,3.5,1.69,88.8,2.96,22.13,63.71,1.01,1.79,0.17,22.26,23.11,26.56,2.28,2.9,3.32,4.39,0.98,152.19,3.23,61.75,65.63,2024-02-03 22:00:00
23~24,8.07,52.37,5.59,29.48,0.33,0.12,7.92,3.39,1.67,87.88,2.82,20.65,64.41,1.09,1.59,0.16,28.89,22.3,63.74,2.34,2.97,3.44,4.39,0.78,151.34,3.09,61.14,65.43,2024-02-03 23:00:00
0~1,12.81,51.56,5.55,28.67,0.33,0.13,8.15,3.16,1.69,86.67,2.75,20.62,63.3,1.1,1.9,0.17,22.58,20.29,108.88,2.35,2.91,3.0,4.41,1.69,149.88,2.77,60.7,65.06,2024-02-04 00:00:00
1~2,12.06,51.31,5.46,28.24,0.33,0.14,7.98,3.02,1.67,84.71,2.75,20.78,61.18,1.07,1.61,0.17,25.56,18.19,51.97,2.31,3.03,3.06,4.4,0.88,150.70,3.16,61.06,64.94,2024-02-04 01:00:00
2~3,9.63,49.73,5.48,27.77,0.33,0.15,8.44,2.44,1.69,83.33,2.68,19.84,60.81,1.11,1.78,0.17,19.02,17.8,19.48,2.34,3.04,3.18,4.41,0.87,150.13,2.85,60.79,64.75,2024-02-04 02:00:00
3~4,6.12,49.34,5.51,28.14,0.34,0.14,8.49,2.19,1.69,83.58,2.73,20.75,60.1,1.08,1.82,0.16,16.12,15.38,17.99,2.31,3.04,3.01,4.41,0.73,149.94,3.46,60.16,65.07,2024-02-04 03:00:00
4~5,6.13,49.62,5.4,27.55,0.33,0.15,9.74,2.11,1.69,81.76,2.68,20.12,58.96,1.06,1.77,0.17,14.97,14.27,25.85,2.32,3.09,2.81,4.42,1.10,149.01,2.97,59.59,64.55,2024-02-04 04:00:00
5~6,5.81,48.28,5.72,27.91,0.33,0.12,10.25,2.47,1.66,81.01,2.6,19.81,58.6,1.03,1.82,0.16,13.91,14.91,49.21,2.34,3.1,3.09,4.41,1.07,149.74,3.13,60.33,64.82,2024-02-04 05:00:00
6~7,5.19,48.69,5.86,28.02,0.29,0.14,9.08,2.32,1.26,80.93,2.47,19.26,59.2,0.94,1.63,0.17,13.0,17.25,18.0,2.31,4.04,2.69,2.29,1.60,151.07,3.37,59.93,65.75,2024-02-04 06:00:00
7~8,4.25,49.5,6.02,28.01,0.06,0.08,10.83,1.73,0.7,82.96,2.5,20.68,59.78,1.22,1.77,0.09,12.51,13.87,15.53,2.41,3.72,2.56,0.0,4.83,150.08,3.07,59.74,65.18,2024-02-04 07:00:00
8~9,4.75,50.91,6.26,29.78,0.07,0.07,12.51,1.81,0.63,82.81,2.31,20.56,59.94,1.24,1.83,0.0,13.01,14.24,27.79,2.37,3.6,3.35,0.0,1.60,151.39,3.53,59.83,66.01,2024-02-04 08:00:00
9~10,4.37,52.34,6.24,29.34,0.07,0.04,12.67,1.67,0.68,85.64,2.46,22.43,60.75,0.93,1.73,0.0,12.93,12.56,44.95,2.38,3.34,3.97,0.0,1.38,151.03,3.53,60.78,64.93,2024-02-04 09:00:00
10~11,4.63,51.72,5.51,30.0,0.07,0.05,13.68,2.01,0.66,90.75,2.54,22.96,65.25,0.86,1.78,0.0,14.3,13.7,20.42,2.34,3.78,4.84,0.0,1.16,152.71,3.47,60.54,65.94,2024-02-04 10:00:00
11~12,5.12,53.82,6.52,30.83,0.06,0.04,14.46,2.04,0.63,92.43,2.85,23.59,65.99,0.8,1.91,0.0,19.16,13.66,23.04,2.38,4.09,5.4,0.0,1.24,156.41,3.59,62.5,67.5,2024-02-04 11:00:00
12~13,6.75,54.93,7.47,32.28,0.07,0.05,13.74,1.95,0.67,94.95,2.68,25.1,67.17,1.0,1.98,0.0,15.16,14.53,35.65,2.4,4.09,5.29,0.0,1.25,156.29,2.82,62.25,68.0,2024-02-04 12:00:00
13~14,5.63,56.41,7.78,32.55,0.07,0.05,14.02,1.94,0.67,93.21,2.94,24.37,65.9,0.73,2.08,0.0,15.99,18.75,52.01,2.44,4.04,5.93,0.0,1.22,159.37,4.06,62.26,70.06,2024-02-04 13:00:00
14~15,4.93,56.87,8.27,32.81,0.07,0.05,15.3,3.27,0.69,94.21,3.09,23.75,67.37,0.88,1.89,0.0,16.19,15.14,19.55,2.31,4.09,5.76,0.0,1.41,160.16,3.12,62.35,71.63,2024-02-04 14:00:00
15~16,5.94,59.82,8.67,32.54,0.07,0.06,16.74,3.51,0.7,92.88,2.91,23.29,66.68,1.19,1.97,0.0,13.69,13.75,19.16,2.38,4.1,5.9,0.0,1.30,159.76,3.5,62.37,71.49,2024-02-04 15:00:00
16~17,5.19,60.05,9.17,32.25,0.07,0.06,15.03,3.69,0.81,94.94,2.5,24.23,68.21,1.54,1.99,0.17,14.42,14.19,24.68,2.41,3.84,4.22,0.18,1.79,159.70,3.4,61.3,72.01,2024-02-04 16:00:00
17~18,6.31,60.39,8.85,30.84,0.26,0.1,14.82,3.83,1.69,93.08,3.34,23.23,66.51,1.22,1.84,0.17,16.81,15.38,47.03,2.46,3.72,3.59,4.41,1.34,155.36,2.82,62.36,67.12,2024-02-04 17:00:00
18~19,9.75,59.53,7.55,29.27,0.33,0.13,14.38,3.87,1.73,95.07,3.5,24.87,66.7,1.5,1.95,0.16,18.06,21.01,22.06,2.47,3.47,3.41,4.44,0.91,155.98,3.91,61.8,68.19,2024-02-04 18:00:00
19~20,7.31,56.9,6.01,28.86,0.33,0.12,14.5,3.63,1.74,89.2,3.63,23.12,62.45,1.39,1.62,0.17,21.32,17.56,23.68,2.44,3.21,2.94,4.43,0.86,158.55,3.03,64.97,68.44,2024-02-04 19:00:00
20~21,7.25,53.19,5.74,28.39,0.33,0.13,13.9,3.82,1.7,86.32,3.81,22.29,60.22,1.32,1.88,0.16,19.52,18.47,32.28,2.47,2.97,3.16,4.43,0.92,160.57,3.4,70.87,64.87,2024-02-04 20:00:00
21~22,7.82,51.84,5.78,26.94,0.34,0.13,12.51,5.61,1.69,82.56,3.47,20.72,58.37,1.62,1.7,0.16,19.95,23.13,60.28,2.44,3.11,2.53,4.42,0.71,156.21,3.54,70.65,61.31,2024-02-04 21:00:00
22~23,11.56,50.25,5.54,26.63,0.32,0.13,9.14,3.61,1.71,80.86,2.99,21.06,56.81,1.12,1.67,0.17,23.13,26.11,65.91,2.37,2.96,2.49,4.39,1.17,149.13,3.5,64.62,60.13,2024-02-04 22:00:00
23~24,8.94,50.91,5.44,26.4,0.34,0.13,8.3,3.79,1.69,79.66,2.64,20.0,57.02,0.96,1.61,0.16,25.08,25.42,108.98,2.41,3.03,2.47,4.41,1.47,144.06,2.96,60.16,60.0,2024-02-04 23:00:00
0~1,9.18,49.53,5.53,26.01,0.33,0.13,8.16,3.31,1.67,78.53,2.53,20.19,55.81,0.9,1.67,0.17,25.94,22.81,65.84,2.47,2.97,2.38,4.39,0.94,142.02,3.07,58.2,60.0,2024-02-05 00:00:00
1~2,12.38,49.59,5.64,26.23,0.33,0.14,8.14,3.36,1.69,77.06,2.46,19.38,55.22,1.01,1.57,0.17,21.23,18.53,30.88,2.43,3.03,2.25,4.4,0.76,141.06,3.09,57.83,59.19,2024-02-05 01:00:00
2~3,8.19,48.81,5.61,26.4,0.33,0.14,8.75,3.25,1.66,79.66,2.44,21.38,55.84,0.95,1.74,0.17,19.85,16.14,21.53,2.41,3.03,2.28,4.4,1.07,142.21,2.97,58.84,59.56,2024-02-05 02:00:00
3~4,6.75,50.07,5.52,26.22,0.33,0.14,8.67,3.27,1.69,77.65,2.5,19.99,55.16,0.97,1.74,0.16,17.36,14.58,20.56,2.41,3.1,2.35,4.4,0.94,142.10,3.16,58.57,59.25,2024-02-05 03:00:00
4~5,6.25,49.68,5.65,25.47,0.33,0.1,9.82,3.31,1.68,78.43,2.47,20.64,55.32,0.98,1.67,0.17,15.6,14.02,51.01,2.43,3.16,2.37,4.4,0.67,141.08,2.87,58.41,58.75,2024-02-05 04:00:00
5~6,6.12,50.88,5.83,25.8,0.33,0.02,10.57,3.3,1.67,76.91,2.56,19.79,54.56,1.01,1.68,0.17,15.71,14.04,34.46,2.5,3.15,2.37,4.4,1.19,141.45,3.06,58.47,58.56,2024-02-05 05:00:00
6~7,5.38,49.31,5.55,25.96,0.28,0.05,9.18,2.57,1.23,78.56,2.44,19.27,56.85,1.3,1.65,0.16,13.89,13.05,16.86,2.44,4.22,2.57,2.36,2.29,143.84,3.19,58.7,59.75,2024-02-05 06:00:00
7~8,4.62,49.41,6.24,26.98,0.07,0.07,12.58,2.23,0.66,79.33,2.31,20.25,56.77,0.99,1.67,0.17,13.43,12.01,22.78,2.53,4.15,2.81,0.09,2.60,143.90,4.22,57.67,59.51,2024-02-05 07:00:00
8~9,5.0,51.0,7.63,33.24,0.06,0.06,20.46,2.54,0.67,85.78,2.72,22.22,60.84,0.84,1.93,0.03,13.81,12.99,49.38,2.53,4.28,3.71,0.0,2.13,148.06,5.22,59.64,61.05,2024-02-05 08:00:00
9~10,4.88,59.43,7.97,34.84,0.07,0.05,24.75,2.72,0.69,94.71,3.66,23.69,67.36,0.87,1.64,0.05,12.37,15.52,19.2,2.54,4.21,4.2,0.0,2.01,152.86,5.66,63.05,61.26,2024-02-05 09:00:00
10~11,5.0,64.81,8.01,41.96,0.07,0.06,24.38,2.59,0.67,97.36,3.22,24.19,69.95,0.93,1.77,0.0,13.81,12.13,19.28,2.75,4.6,5.27,0.0,2.08,158.15,6.4,64.87,63.8,2024-02-05 10:00:00
11~12,5.18,67.32,8.29,44.53,0.07,0.09,26.31,2.97,0.66,95.67,3.99,24.29,67.39,0.97,1.56,0.0,12.99,13.0,32.32,2.75,5.08,4.94,0.0,2.34,162.02,7.25,65.87,65.57,2024-02-05 11:00:00
12~13,4.88,69.31,8.3,44.99,0.08,0.03,26.11,2.67,0.68,97.86,3.69,24.75,69.42,0.93,1.99,0.0,12.44,14.75,47.5,2.84,4.09,4.66,0.0,1.78,161.11,6.82,64.65,66.87,2024-02-05 12:00:00
13~14,4.87,68.47,8.92,44.42,0.06,0.07,26.6,2.9,0.65,106.01,3.97,24.02,78.02,0.84,2.03,0.0,14.11,16.7,22.93,2.81,3.72,4.94,0.0,1.59,161.69,7.96,64.04,66.82,2024-02-05 13:00:00
14~15,5.44,70.47,9.28,44.99,0.07,0.02,26.12,2.88,0.67,105.31,4.28,25.47,75.56,0.87,2.34,0.0,14.81,22.13,22.72,2.69,4.33,4.81,0.0,4.13,158.73,7.07,66.07,62.44,2024-02-05 14:00:00
15~16,5.75,69.35,8.74,42.58,0.07,0.18,27.74,3.14,0.75,103.98,3.44,26.65,73.89,1.19,2.98,0.0,16.0,15.75,42.14,2.69,4.59,4.84,0.0,5.44,164.86,6.69,66.87,68.43,2024-02-05 15:00:00
16~17,4.94,66.52,8.63,41.34,0.07,0.3,27.28,3.66,0.78,101.87,3.75,26.31,71.81,0.95,2.52,0.16,16.99,12.95,53.99,2.81,4.09,4.28,0.34,3.08,166.28,6.81,66.92,69.75,2024-02-05 16:00:00
17~18,7.12,64.69,9.75,38.05,0.27,0.14,26.2,3.7,1.66,100.13,3.19,25.55,71.39,1.09,2.76,0.17,16.37,13.25,23.03,2.69,3.84,3.84,4.49,2.86,159.29,4.03,65.88,67.63,2024-02-05 17:00:00
18~19,7.25,62.69,7.89,33.29,0.33,0.13,25.25,4.03,1.69,91.97,2.93,23.07,65.97,1.12,2.33,0.15,18.13,16.75,22.05,2.59,3.72,3.51,4.46,1.04,154.02,4.71,63.4,65.37,2024-02-05 18:00:00
19~20,9.75,59.31,7.04,30.05,0.33,0.13,22.41,4.22,1.7,88.68,3.35,21.86,63.47,1.2,2.69,0.16,20.76,20.8,48.01,2.44,3.53,3.44,4.46,0.88,148.09,3.22,62.05,61.88,2024-02-05 19:00:00
20~21,10.63,54.53,7.06,28.49,0.33,0.12,16.79,3.9,1.7,86.17,4.5,21.26,60.41,1.22,1.87,0.17,19.33,22.85,44.28,2.44,3.21,3.37,4.43,1.01,146.68,3.16,61.99,61.18,2024-02-05 20:00:00
21~22,10.12,53.07,7.32,28.3,0.34,0.13,15.4,3.94,1.66,85.92,4.62,21.36,59.94,1.12,1.64,0.16,20.38,21.25,28.83,2.37,3.22,3.19,4.43,1.28,142.88,3.06,60.92,58.63,2024-02-05 21:00:00
22~23,8.07,51.75,7.19,27.4,0.32,0.13,9.68,3.66,1.7,81.06,4.13,19.98,56.95,1.14,1.59,0.16,24.18,22.25,97.39,2.34,3.22,3.0,4.41,0.89,142.45,4.25,60.04,58.0,2024-02-05 22:00:00
23~24,7.62,49.81,6.41,26.34,0.34,0.13,8.55,3.7,1.69,78.03,3.09,19.86,55.08,1.23,1.55,0.15,24.58,23.42,109.36,2.32,3.27,2.9,4.41,0.87,139.95,3.13,59.09,57.44,2024-02-05 23:00:00
0~1,13.63,48.4,6.2,25.77,0.32,0.13,8.46,3.89,1.66,78.12,2.91,19.73,55.48,1.1,1.6,0.16,20.71,23.3,51.08,2.34,3.41,2.72,4.41,1.07,138.41,2.96,58.15,57.06,2024-02-06 00:00:00
1~2,10.31,48.16,6.08,25.85,0.34,0.14,8.46,4.57,1.69,77.43,2.97,19.71,54.75,1.1,1.5,0.17,20.27,17.55,23.54,2.38,3.4,2.75,4.43,0.82,138.80,3.22,57.87,57.56,2024-02-06 01:00:00
2~3,6.69,48.34,6.02,25.57,0.33,0.15,8.99,3.82,1.7,78.09,2.78,20.01,55.3,1.1,1.47,0.16,18.01,15.6,23.23,2.34,3.41,2.44,4.42,0.77,138.48,2.85,58.44,57.13,2024-02-06 02:00:00
3~4,6.06,48.28,5.88,25.66,0.33,0.02,9.29,4.62,1.69,76.05,2.9,18.9,54.25,1.07,1.51,0.16,15.9,15.98,48.74,2.44,3.4,2.62,4.42,1.16,139.48,3.43,57.91,57.56,2024-02-06 03:00:00
4~5,5.75,48.72,5.88,25.67,0.33,0.03,10.17,4.67,1.69,77.5,2.78,19.25,55.47,1.41,1.57,0.16,19.09,13.73,38.76,2.37,3.35,2.53,4.42,1.44,137.74,2.82,57.83,57.07,2024-02-06 04:00:00
5~6,6.06,48.0,5.86,25.5,0.33,0.02,11.33,4.73,1.66,76.78,2.88,19.46,54.44,1.05,1.44,0.16,14.26,14.35,17.1,2.41,3.42,2.57,4.42,0.98,139.17,3.37,57.77,57.18,2024-02-06 05:00:00
6~7,5.13,48.01,5.92,25.24,0.28,0.06,9.74,3.76,1.3,78.74,2.76,19.34,56.64,0.93,1.45,0.16,12.02,13.36,22.08,2.34,4.46,2.44,2.4,1.94,141.24,3.13,57.87,58.68,2024-02-06 06:00:00
7~8,4.81,48.96,6.21,26.36,0.06,0.04,12.5,3.44,0.66,78.35,3.03,19.53,55.79,1.15,1.5,0.16,11.25,15.2,47.81,2.22,4.28,2.71,0.13,2.06,142.83,3.6,57.82,60.07,2024-02-06 07:00:00
8~9,4.69,50.13,6.71,34.17,0.07,0.03,20.08,3.73,0.67,80.47,3.18,20.85,56.44,0.9,1.45,0.17,11.25,13.87,49.33,2.38,4.4,3.48,0.0,2.27,148.16,4.68,59.46,62.44,2024-02-06 08:00:00
9~10,4.75,53.82,6.65,34.59,0.06,0.12,24.06,3.79,0.66,86.97,3.84,22.44,60.69,1.12,1.6,0.0,11.24,12.63,18.61,2.34,4.33,3.66,0.0,1.79,153.75,5.84,63.52,62.31,2024-02-06 09:00:00
10~11,4.5,58.18,7.72,37.56,0.07,0.16,26.34,4.56,0.67,87.59,3.66,22.68,61.25,0.95,2.35,0.0,12.62,12.2,17.19,2.56,4.77,3.74,0.0,1.88,157.71,8.73,64.46,62.63,2024-02-06 10:00:00
11~12,4.87,62.63,8.26,38.37,0.06,0.21,27.44,4.09,0.7,94.29,4.19,22.97,67.13,0.85,2.31,0.0,13.98,11.45,47.19,2.91,4.15,3.59,0.0,3.78,159.39,8.43,65.42,63.0,2024-02-06 11:00:00
12~13,5.56,59.93,7.89,35.79,0.07,0.29,27.22,3.82,0.65,95.94,3.75,23.77,68.42,0.93,2.04,0.0,16.39,13.62,32.06,2.87,3.78,3.78,0.0,1.67,158.16,7.19,65.01,63.43,2024-02-06 12:00:00
13~14,4.69,60.56,8.57,37.35,0.07,0.09,26.72,3.84,0.67,94.29,4.12,23.29,66.88,1.07,2.01,0.0,14.11,11.76,16.7,2.91,3.53,4.22,0.0,1.39,159.36,6.4,64.95,65.44,2024-02-06 13:00:00
14~15,6.5,62.88,8.82,38.21,0.06,0.03,27.72,3.47,0.66,98.74,5.69,25.31,67.74,0.96,2.3,0.0,15.62,13.43,32.05,2.84,4.58,4.35,0.0,2.18,163.84,7.38,65.54,68.43,2024-02-06 14:00:00
15~16,5.0,61.9,8.68,37.01,0.07,0.08,27.49,3.35,0.7,98.54,4.9,25.88,67.76,1.11,2.41,0.03,14.69,12.88,40.57,2.66,4.46,4.16,0.0,5.93,163.34,7.19,67.24,66.13,2024-02-06 15:00:00
16~17,5.25,61.44,8.47,36.81,0.06,0.0,25.57,4.18,0.76,100.79,4.38,26.68,69.73,0.85,2.31,0.16,13.23,14.33,14.92,2.56,3.97,3.9,0.25,2.43,159.73,6.43,67.03,64.13,2024-02-06 16:00:00
17~18,6.13,57.56,8.33,34.67,0.26,0.1,26.31,4.6,1.62,93.87,3.57,25.85,64.45,0.88,2.27,0.16,15.81,14.76,20.52,2.5,3.71,3.35,4.48,1.14,150.68,5.07,63.93,60.18,2024-02-06 17:00:00
18~19,6.87,55.85,6.29,32.26,0.33,0.12,23.87,3.84,1.72,89.34,3.56,24.35,61.43,0.99,1.81,0.17,16.56,15.0,49.52,2.44,3.59,3.37,4.46,1.30,143.42,3.4,60.28,59.13,2024-02-06 18:00:00
19~20,7.44,52.03,5.15,30.97,0.32,0.12,22.32,3.87,1.68,87.92,3.53,21.91,62.48,1.06,1.65,0.16,19.45,16.55,42.2,2.5,3.27,2.91,4.43,1.00,137.78,2.54,58.6,55.88,2024-02-06 19:00:00
20~21,6.87,50.57,5.29,28.92,0.33,0.12,18.31,4.54,1.69,82.26,3.31,20.91,58.04,1.14,1.51,0.16,20.89,17.05,25.21,2.31,3.03,3.03,4.42,0.91,132.20,2.96,57.41,51.62,2024-02-06 20:00:00
21~22,6.94,51.09,5.28,27.52,0.33,0.12,13.01,4.02,1.66,80.96,3.54,21.03,56.39,1.05,1.58,0.16,20.2,19.18,29.82,2.28,2.96,2.97,4.41,0.93,129.01,2.9,57.55,48.0,2024-02-06 21:00:00
22~23,7.38,49.97,5.42,26.22,0.33,0.12,8.81,4.16,1.7,78.03,2.65,20.81,54.57,0.98,1.54,0.17,21.23,22.45,56.05,2.25,3.02,2.84,4.39,1.11,129.70,3.41,58.14,48.06,2024-02-06 22:00:00
23~24,9.31,48.62,5.27,26.0,0.33,0.13,7.73,6.52,1.67,78.21,2.87,20.22,55.12,1.02,1.33,0.16,26.47,21.53,25.54,2.25,3.04,3.1,4.4,0.70,130.44,3.53,57.96,48.5,2024-02-06 23:00:00
0~1,10.12,47.94,5.25,25.08,0.33,0.14,7.84,4.5,1.68,75.19,2.66,19.31,53.22,1.04,1.44,0.16,22.77,19.24,22.69,2.32,3.03,2.56,4.4,1.09,129.11,2.94,57.65,48.31,2024-02-07 00:00:00
1~2,7.0,47.78,5.31,24.76,0.32,0.14,7.7,3.83,1.7,75.84,2.5,19.81,53.53,1.01,1.45,0.17,21.77,17.91,50.27,2.34,3.16,2.59,4.4,1.26,129.10,3.06,57.56,48.26,2024-02-07 01:00:00
2~3,6.88,47.12,5.17,24.67,0.33,0.14,7.85,3.09,1.69,76.6,2.44,20.26,53.9,1.01,1.39,0.17,17.33,17.24,75.31,2.28,3.09,2.63,4.41,0.95,129.11,2.63,57.99,48.31,2024-02-07 02:00:00
3~4,6.12,46.82,5.27,24.3,0.33,0.15,8.23,3.58,1.7,75.19,2.52,19.25,53.42,1.13,1.39,0.16,17.02,15.04,99.86,2.31,3.1,2.68,4.41,0.90,130.69,3.22,58.36,48.62,2024-02-07 03:00:00
4~5,5.88,46.69,5.35,24.35,0.33,0.06,9.72,3.5,1.7,76.96,2.38,19.93,54.65,1.01,1.43,0.17,14.9,15.16,40.1,2.28,3.03,2.31,4.39,0.64,129.88,2.69,58.52,48.13,2024-02-07 04:00:00
5~6,5.44,46.72,5.59,24.59,0.33,0.02,9.92,3.61,1.65,76.79,2.44,19.38,54.97,0.99,1.38,0.17,14.83,15.73,14.78,2.32,3.16,3.03,4.41,1.10,129.46,3.03,57.88,48.06,2024-02-07 05:00:00
6~7,4.62,45.93,5.48,24.71,0.27,0.02,8.71,2.45,1.22,77.0,2.37,20.07,54.56,0.92,1.42,0.17,12.83,14.05,13.06,2.37,3.84,2.5,2.35,1.19,130.60,2.81,57.58,49.5,2024-02-07 06:00:00
7~8,4.19,46.91,5.54,24.67,0.07,0.0,10.4,2.47,0.69,76.24,2.35,20.03,53.86,1.56,1.41,0.16,13.38,13.87,34.58,2.35,3.78,2.26,0.0,2.12,131.75,3.47,57.2,50.25,2024-02-07 07:00:00
8~9,4.31,47.65,6.15,26.65,0.06,0.01,13.19,2.37,0.65,77.93,2.59,21.29,54.05,0.97,1.44,0.0,12.43,17.83,46.57,2.4,3.66,2.71,0.0,1.71,132.98,3.4,58.41,49.94,2024-02-07 08:00:00
9~10,4.5,52.41,5.97,27.85,0.06,0.0,15.5,2.44,0.66,82.49,2.79,21.5,58.2,0.9,1.42,0.0,12.5,11.93,21.88,2.38,3.59,3.41,0.0,1.18,133.70,3.63,59.92,48.62,2024-02-07 09:00:00
10~11,4.44,54.4,6.2,29.79,0.07,0.02,17.56,3.22,0.65,86.75,3.4,21.84,61.51,1.15,1.56,0.0,16.06,12.13,16.5,2.56,3.46,2.88,0.0,1.35,135.18,4.06,60.31,49.13,2024-02-07 10:00:00
11~12,6.25,56.82,7.14,30.31,0.06,0.0,18.52,3.39,1.04,89.98,3.44,22.84,63.7,1.13,2.39,0.0,13.05,13.39,20.53,2.66,3.39,2.93,0.0,1.32,140.27,4.38,62.18,52.19,2024-02-07 11:00:00
12~13,6.12,54.28,7.56,30.17,0.07,0.0,18.06,3.35,1.67,89.52,3.62,24.6,61.3,1.06,2.23,0.0,12.24,23.38,45.75,2.62,3.6,3.07,0.0,1.22,139.36,3.56,61.28,52.68,2024-02-07 12:00:00
13~14,7.5,54.53,7.62,30.29,0.06,0.0,18.33,3.42,1.66,89.2,2.81,25.09,61.3,0.84,1.52,0.0,12.38,13.19,25.06,2.53,3.71,3.72,0.0,5.53,138.44,3.72,61.54,51.88,2024-02-07 13:00:00
14~15,6.07,54.25,8.11,31.19,0.07,0.09,19.15,3.25,1.67,90.96,2.88,25.33,62.75,1.23,1.44,0.1,12.67,12.57,13.26,2.63,3.91,3.46,0.0,1.80,137.10,4.19,61.69,49.68,2024-02-07 14:00:00
15~16,5.12,55.18,7.58,31.51,0.06,0.07,17.48,3.93,1.66,93.9,3.1,24.78,66.02,0.85,2.07,0.17,11.87,12.06,25.93,2.56,3.83,3.38,0.0,1.18,134.23,4.4,61.05,47.88,2024-02-07 15:00:00
16~17,9.44,54.32,7.68,33.36,0.06,0.03,16.52,3.82,1.76,93.41,2.71,23.76,66.94,1.2,2.1,0.17,12.13,12.19,45.91,2.75,3.9,3.47,0.43,0.70,131.21,4.0,59.54,46.68,2024-02-07 16:00:00
17~18,5.69,50.91,7.72,32.1,0.25,0.09,17.77,3.95,2.13,91.79,3.0,25.7,63.09,1.03,2.17,0.17,13.43,13.07,23.46,2.69,3.91,3.19,4.45,0.82,128.08,3.44,56.92,46.39,2024-02-07 17:00:00
18~19,6.37,50.81,8.01,30.29,0.33,0.12,17.7,4.05,1.7,88.3,3.47,25.03,59.8,1.31,1.95,0.16,14.19,14.5,15.46,2.62,3.71,2.99,4.47,0.80,126.95,3.0,55.58,47.74,2024-02-07 18:00:00
19~20,7.44,48.68,7.39,29.1,0.33,0.12,16.91,3.81,1.71,85.46,4.81,22.76,57.89,1.08,1.61,0.17,14.38,17.68,36.9,2.53,3.53,2.76,4.46,0.92,126.08,2.93,55.44,47.87,2024-02-07 19:00:00
20~21,7.81,48.63,6.81,26.62,0.33,0.12,12.63,3.49,1.69,82.37,5.35,21.62,55.4,1.11,1.12,0.15,19.13,14.74,49.48,2.41,3.28,2.8,4.45,0.94,124.53,2.57,55.34,47.26,2024-02-07 20:00:00
21~22,7.56,48.12,4.99,25.74,0.33,0.11,11.43,2.7,1.68,80.34,5.41,20.38,54.55,1.14,1.03,0.16,18.45,17.56,50.14,2.41,3.41,2.73,4.44,1.59,125.46,3.22,56.3,46.38,2024-02-07 21:00:00
22~23,8.57,47.88,5.2,25.9,0.32,0.13,7.85,2.65,1.69,78.52,3.46,20.16,54.9,1.47,1.09,0.17,20.45,16.42,19.35,2.56,3.41,2.9,4.43,1.02,124.12,2.84,55.68,46.24,2024-02-07 22:00:00
23~24,8.43,48.09,5.12,24.8,0.34,0.12,7.12,2.79,1.69,75.75,2.53,19.56,53.66,1.7,1.11,0.16,19.63,18.11,20.32,2.47,3.34,2.85,4.43,0.75,125.40,3.03,55.16,47.56,2024-02-07 23:00:00
0~1,10.63,47.06,5.27,24.99,0.32,0.13,7.16,3.02,1.69,75.49,2.56,19.67,53.26,1.48,1.06,0.16,21.4,14.24,43.98,2.43,3.35,2.93,4.43,0.83,124.43,2.98,54.54,47.0,2024-02-08 00:00:00
1~2,8.75,46.89,5.32,24.97,0.33,0.13,7.07,3.4,1.66,75.36,2.47,19.13,53.76,1.27,1.15,0.16,20.96,14.91,44.59,2.44,3.41,2.54,4.44,0.88,124.08,3.18,54.27,46.76,2024-02-08 01:00:00
2~3,6.0,46.68,5.18,24.36,0.34,0.14,7.67,3.05,1.73,75.23,2.54,19.16,53.53,1.11,1.1,0.16,16.02,14.86,17.3,2.44,3.42,2.68,4.43,1.07,124.16,2.69,55.07,46.37,2024-02-08 02:00:00
3~4,5.69,47.78,5.22,24.45,0.32,0.15,7.38,3.03,1.69,75.38,2.44,19.59,53.35,1.08,1.05,0.16,15.44,15.8,17.16,2.37,3.48,2.75,4.44,0.73,123.70,3.0,54.34,46.44,2024-02-08 03:00:00
4~5,5.56,46.85,5.12,24.59,0.33,0.14,7.39,2.92,1.69,75.84,2.47,19.64,53.73,1.03,1.11,0.17,15.31,14.95,47.42,2.25,3.48,2.79,4.44,1.38,124.03,2.72,54.62,46.62,2024-02-08 04:00:00
5~6,6.0,47.21,5.08,24.45,0.33,0.15,7.89,2.98,1.67,74.53,2.43,19.52,52.58,1.02,0.95,0.16,14.53,13.65,39.84,2.35,3.53,2.65,4.43,0.89,123.45,3.03,53.89,46.75,2024-02-08 05:00:00
6~7,5.25,46.04,5.05,24.7,0.28,0.1,7.9,2.67,1.4,75.3,2.31,19.18,53.81,0.87,1.23,0.17,13.31,12.51,13.71,2.34,4.3,2.62,2.42,1.06,124.60,2.97,53.61,47.88,2024-02-08 06:00:00
7~8,4.69,47.53,5.16,24.46,0.06,0.07,10.53,2.53,0.67,75.52,2.41,18.91,54.2,1.34,0.98,0.16,14.88,11.37,18.98,2.31,4.23,2.82,0.65,0.84,123.13,3.15,53.21,46.88,2024-02-08 07:00:00
8~9,4.25,46.63,5.54,26.25,0.06,0.05,9.3,2.04,1.65,77.35,2.25,19.19,55.91,1.0,1.05,0.17,12.89,10.98,46.1,2.29,4.15,3.31,0.02,0.63,123.89,3.63,53.18,47.31,2024-02-08 08:00:00
9~10,4.62,47.75,5.35,26.83,0.06,0.03,9.82,1.68,1.63,78.69,2.56,19.9,56.23,1.01,1.03,0.15,13.12,10.95,46.81,2.28,4.1,3.41,0.0,1.00,121.91,2.68,53.09,46.18,2024-02-08 09:00:00
10~11,4.56,47.12,5.31,26.96,0.07,0.03,9.63,1.72,1.62,79.79,2.37,20.84,56.58,1.02,1.26,0.0,18.98,10.77,15.86,2.31,3.91,3.4,0.0,1.02,122.18,3.29,53.23,45.81,2024-02-08 10:00:00
11~12,4.25,47.46,5.98,28.06,0.06,0.03,9.62,1.63,1.62,78.93,2.6,19.88,56.45,1.53,0.97,0.0,18.49,10.95,14.29,2.31,3.84,3.6,0.0,1.40,122.68,3.12,53.29,46.5,2024-02-08 11:00:00
12~13,4.5,48.78,6.88,28.04,0.07,0.04,9.81,1.56,1.65,82.61,2.84,20.03,59.74,1.19,1.05,0.0,13.25,11.55,43.97,2.38,3.72,2.94,0.0,0.69,123.61,2.94,53.65,47.13,2024-02-08 12:00:00
13~14,4.57,47.73,6.58,28.22,0.06,0.04,9.46,2.07,1.63,81.68,2.69,20.29,58.7,1.16,1.06,0.0,13.88,10.81,38.32,2.53,3.78,2.84,0.0,1.04,123.26,2.81,53.32,47.12,2024-02-08 13:00:00
14~15,4.56,48.8,6.66,28.06,0.06,0.04,10.15,2.04,1.67,83.0,3.19,20.52,59.29,1.11,1.05,0.09,15.62,11.44,13.95,2.72,3.97,2.72,0.0,0.85,125.65,3.37,53.61,49.13,2024-02-08 14:00:00
15~16,7.44,48.79,4.98,27.82,0.06,0.04,10.5,2.0,1.63,82.47,2.75,19.94,59.78,1.18,1.0,0.17,14.87,12.32,18.1,2.47,4.03,2.96,0.0,0.86,124.07,2.98,53.17,48.06,2024-02-08 15:00:00
16~17,7.43,49.5,5.21,26.74,0.07,0.05,10.22,2.06,1.78,82.95,2.96,20.9,59.09,1.52,0.97,0.16,13.82,11.87,45.34,2.25,4.28,3.04,0.62,0.63,125.14,3.31,53.64,48.57,2024-02-08 16:00:00
17~18,5.82,48.22,5.08,26.38,0.2,0.09,11.38,2.06,2.07,79.85,2.6,21.92,55.33,2.51,1.28,0.16,16.19,12.43,32.06,2.28,4.47,2.94,4.5,1.52,123.16,2.68,53.48,47.93,2024-02-08 17:00:00
18~19,6.18,48.38,4.9,25.53,0.33,0.12,12.22,2.34,1.69,80.57,2.72,22.5,55.35,0.98,1.32,0.17,18.13,13.82,14.6,2.25,4.28,2.58,4.48,0.89,129.96,3.23,57.84,49.25,2024-02-08 18:00:00
19~20,6.07,47.61,4.86,25.3,0.33,0.12,12.06,2.44,1.7,78.12,3.0,21.44,53.68,1.03,1.21,0.16,15.01,14.11,27.26,2.25,3.85,2.41,4.44,0.85,137.35,2.55,65.77,49.69,2024-02-08 19:00:00
20~21,6.37,47.25,4.84,25.47,0.32,0.11,11.74,2.32,1.68,75.79,2.63,20.72,52.44,1.22,0.86,0.16,14.25,13.93,46.02,2.25,3.64,2.28,4.44,0.81,127.54,3.19,56.68,48.31,2024-02-08 20:00:00
21~22,6.5,47.57,4.81,25.14,0.33,0.12,11.49,2.3,1.67,77.5,2.44,21.49,53.57,0.91,1.08,0.16,15.76,14.81,46.01,2.22,3.6,2.13,4.41,0.91,120.94,2.82,53.07,45.63,2024-02-08 21:00:00
22~23,8.44,46.37,5.02,24.2,0.33,0.12,7.68,2.07,1.68,74.26,2.4,18.9,52.96,0.9,0.85,0.16,16.45,15.43,24.31,2.31,3.59,2.15,4.43,0.80,121.17,3.15,52.81,45.81,2024-02-08 22:00:00
23~24,10.75,47.41,5.03,23.72,0.32,0.13,6.9,1.85,1.69,72.74,2.46,19.22,51.06,0.95,0.81,0.16,16.39,14.29,16.67,2.31,3.66,2.1,4.43,0.88,120.52,2.75,52.96,45.88,2024-02-08 23:00:00
0~1,10.12,45.72,5.04,23.53,0.33,0.13,6.93,1.82,1.68,73.12,2.38,18.94,51.8,0.88,0.92,0.16,19.14,14.49,37.56,2.25,3.65,2.32,4.43,1.73,121.32,2.85,52.79,46.12,2024-02-09 00:00:00
1~2,9.75,46.69,4.93,23.56,0.33,0.14,6.74,1.91,1.68,72.7,2.44,18.92,51.34,0.9,0.82,0.17,17.72,18.22,47.3,2.34,3.67,1.96,4.43,0.97,121.57,2.93,52.98,46.06,2024-02-09 01:00:00
2~3,6.13,46.25,5.05,23.6,0.33,0.15,7.36,1.89,1.72,73.4,2.41,19.12,51.87,1.01,0.79,0.16,15.52,14.09,15.1,2.38,3.73,2.13,4.44,0.75,121.72,2.85,53.02,46.13,2024-02-09 02:00:00
3~4,5.94,45.94,4.95,23.87,0.33,0.15,6.96,1.89,1.7,72.31,2.44,18.78,51.09,0.99,0.89,0.16,16.66,13.47,23.62,2.34,3.72,2.06,4.43,0.87,122.22,3.22,52.98,46.31,2024-02-09 03:00:00
4~5,5.62,46.21,5.09,23.63,0.33,0.15,7.13,1.83,1.71,72.38,2.34,18.56,51.48,0.99,0.78,0.17,13.52,13.36,46.11,2.38,3.74,2.16,4.45,1.04,122.12,2.84,52.92,46.5,2024-02-09 04:00:00
5~6,5.88,46.01,5.01,23.63,0.33,0.16,7.59,1.79,1.67,72.67,2.37,19.01,51.29,0.95,0.84,0.16,13.17,13.89,24.2,2.37,3.79,2.37,4.43,0.87,121.00,3.06,52.65,46.12,2024-02-09 05:00:00
6~7,5.31,46.03,5.25,23.97,0.27,0.13,7.67,1.67,1.34,73.86,2.34,19.16,52.36,1.01,0.81,0.16,11.52,14.1,13.54,2.38,4.53,2.34,2.4,1.24,122.56,2.78,52.83,47.31,2024-02-09 06:00:00
7~8,4.31,45.68,5.14,23.67,0.09,0.09,9.52,1.51,0.7,73.81,2.32,19.02,52.47,1.57,0.79,0.17,12.14,11.25,31.94,2.4,4.48,2.32,0.54,1.04,122.35,3.25,52.59,46.76,2024-02-09 07:00:00
8~9,4.38,47.23,4.99,24.24,0.09,0.07,9.23,1.56,1.62,73.07,2.28,17.95,52.84,1.64,0.75,0.17,11.0,10.86,44.29,2.35,4.47,2.43,0.0,1.13,121.74,3.07,52.49,46.49,2024-02-09 08:00:00
9~10,4.5,46.68,4.75,24.47,0.09,0.05,9.6,1.58,1.62,74.94,2.47,18.72,53.75,1.18,0.78,0.12,11.76,10.74,44.28,2.37,4.66,2.85,0.0,1.12,119.98,3.0,51.87,45.51,2024-02-09 09:00:00
10~11,4.18,46.68,4.99,24.81,0.09,0.04,10.29,1.81,1.64,76.45,2.69,19.58,54.18,1.42,0.82,0.0,11.57,11.12,15.13,2.63,4.41,2.78,0.0,1.07,120.10,3.1,52.3,45.37,2024-02-09 10:00:00
11~12,4.25,46.04,5.16,24.56,0.09,0.04,9.81,2.28,1.65,78.3,2.63,19.55,56.12,0.91,0.82,0.0,13.06,10.88,14.06,2.97,4.53,2.81,0.0,0.94,120.26,3.24,52.24,45.51,2024-02-09 11:00:00
12~13,4.75,46.5,5.38,24.51,0.09,0.04,10.09,2.04,1.63,78.88,2.37,19.37,57.14,0.98,0.78,0.0,14.94,11.38,43.98,3.0,4.28,2.69,0.0,1.37,119.86,2.57,52.42,45.74,2024-02-09 12:00:00
13~14,5.07,46.53,4.76,24.52,0.09,0.05,9.94,2.27,1.65,78.67,2.24,19.82,56.61,0.93,0.77,0.0,12.25,10.99,36.59,3.06,4.22,2.84,0.0,0.79,120.60,3.22,52.04,45.69,2024-02-09 13:00:00
14~15,4.37,46.12,5.26,24.51,0.09,0.07,10.34,3.41,1.65,80.8,2.44,21.31,57.05,1.01,0.77,0.0,14.32,14.43,13.68,3.12,4.29,2.73,0.0,1.19,120.80,2.96,52.79,45.69,2024-02-09 14:00:00
15~16,4.69,46.22,4.86,24.52,0.09,0.04,9.94,2.6,1.62,76.97,2.51,21.31,53.15,0.85,0.82,0.14,15.06,15.06,20.91,3.0,4.28,2.8,0.0,1.16,120.68,3.37,52.27,45.62,2024-02-09 15:00:00
16~17,4.75,46.81,5.01,24.16,0.09,0.04,9.59,1.62,1.75,76.11,2.37,19.4,54.34,1.16,0.82,0.16,13.38,10.94,44.76,2.97,4.28,2.73,0.38,0.87,120.24,3.17,52.47,45.44,2024-02-09 16:00:00
17~18,5.37,47.25,4.9,24.16,0.27,0.1,11.04,1.5,2.09,77.1,2.47,18.91,55.72,1.14,0.92,0.17,14.12,11.38,28.5,2.91,4.22,2.43,4.5,0.68,119.75,3.09,52.5,45.32,2024-02-09 17:00:00
18~19,5.32,47.6,4.85,24.05,0.36,0.13,13.13,1.8,1.7,74.55,2.69,19.18,52.68,0.95,0.67,0.17,15.32,12.62,15.58,3.0,4.09,2.5,4.46,1.10,121.59,3.03,52.49,46.87,2024-02-09 18:00:00
19~20,7.0,46.75,4.88,24.08,0.35,0.13,13.49,1.92,1.68,73.51,2.47,18.78,52.26,1.13,0.7,0.17,16.52,13.29,30.82,2.91,3.85,2.41,4.44,1.33,122.04,2.84,52.6,47.37,2024-02-09 19:00:00
20~21,6.93,46.16,5.17,24.24,0.36,0.13,11.75,1.75,1.69,72.2,2.5,19.04,50.66,1.06,0.79,0.17,16.26,13.23,45.19,2.9,3.47,2.15,4.42,0.88,121.34,2.78,52.67,46.69,2024-02-09 20:00:00
21~22,5.88,45.94,4.81,24.19,0.35,0.14,11.39,1.95,1.69,70.94,2.4,18.43,50.11,1.39,0.74,0.16,14.89,13.43,35.3,2.88,3.47,1.81,4.41,1.00,121.16,2.91,52.91,46.19,2024-02-09 21:00:00
22~23,5.75,46.33,4.84,23.67,0.36,0.13,7.68,1.85,1.69,70.76,2.4,18.66,49.7,1.61,0.78,0.17,15.33,14.8,15.11,2.9,3.47,1.85,4.39,0.87,120.98,3.12,52.54,46.12,2024-02-09 22:00:00
23~24,5.5,45.51,4.81,23.63,0.35,0.13,6.9,1.82,1.69,69.62,2.44,18.25,48.93,1.56,0.9,0.17,15.26,15.67,26.11,2.94,3.47,1.75,4.4,0.80,120.66,2.57,52.96,45.94,2024-02-09 23:00:00
0~1,5.56,45.46,5.05,23.2,0.36,0.14,7.03,1.88,1.7,71.91,2.51,19.61,49.79,1.42,0.65,0.17,15.65,13.67,47.49,2.97,3.53,1.69,4.41,0.65,120.77,3.0,52.52,46.37,2024-02-10 00:00:00
1~2,5.56,45.47,4.9,23.45,0.35,0.15,6.74,1.82,1.68,71.1,2.44,18.72,49.94,1.05,0.75,0.16,15.27,13.79,22.16,2.91,3.54,1.65,4.41,1.57,120.52,2.62,52.66,45.82,2024-02-10 01:00:00
2~3,5.32,45.38,5.02,23.27,0.36,0.15,7.53,1.85,1.72,71.47,2.33,18.94,50.2,1.08,0.74,0.17,14.29,14.08,14.71,2.96,3.47,1.6,4.4,0.88,120.46,2.93,52.41,45.75,2024-02-10 02:00:00
3~4,5.06,45.28,5.2,23.28,0.35,0.15,7.08,1.82,1.69,70.76,2.38,18.65,49.73,0.99,0.74,0.17,14.5,13.82,35.03,2.94,3.67,1.78,4.4,0.90,120.75,2.69,52.7,46.0,2024-02-10 03:00:00
4~5,5.0,45.44,4.98,23.43,0.36,0.16,7.1,1.84,1.7,71.92,2.41,19.35,50.16,1.03,0.79,0.17,14.69,13.43,45.41,2.97,3.61,1.74,4.43,0.89,120.62,2.91,52.48,45.87,2024-02-10 04:00:00
5~6,5.12,45.56,4.99,23.42,0.36,0.15,7.53,1.91,1.66,70.82,2.43,18.35,50.04,1.49,0.72,0.17,14.42,13.46,13.56,2.94,3.65,1.85,4.42,0.94,120.59,2.72,52.86,45.94,2024-02-10 05:00:00
6~7,4.94,45.29,4.9,23.46,0.29,0.14,7.6,1.49,1.24,72.54,2.35,18.75,51.44,1.54,0.68,0.16,13.07,12.3,13.37,2.9,4.41,1.78,2.39,0.95,121.53,3.1,52.57,46.94,2024-02-10 06:00:00
7~8,3.94,45.74,4.84,23.77,0.09,0.1,9.21,1.6,0.66,72.13,2.25,18.89,50.99,1.64,0.73,0.17,14.24,10.45,43.4,2.88,4.36,1.97,0.09,1.42,121.03,2.91,52.52,46.43,2024-02-10 07:00:00
8~9,4.0,46.35,5.03,23.88,0.1,0.08,9.34,1.54,1.66,73.59,2.22,18.82,52.55,1.4,0.75,0.04,12.54,10.9,44.21,2.97,4.16,2.03,0.0,1.00,121.81,3.27,52.69,46.44,2024-02-10 08:00:00
9~10,3.81,47.24,4.9,24.03,0.09,0.08,9.08,1.54,1.62,74.83,2.25,19.7,52.88,1.32,0.7,0.0,11.17,11.07,19.92,2.84,3.84,2.25,0.0,0.84,119.79,2.63,52.5,45.07,2024-02-10 09:00:00
10~11,4.13,47.07,5.14,24.31,0.09,0.07,9.96,1.54,1.66,75.92,2.16,20.11,53.65,1.29,0.74,0.0,10.38,10.75,13.02,2.85,3.84,2.28,0.0,0.69,121.81,3.25,53.54,45.3,2024-02-10 10:00:00
11~12,4.5,46.97,4.8,24.83,0.09,0.07,9.56,1.57,1.62,75.52,2.18,19.43,53.91,1.38,0.85,0.0,10.32,11.18,37.64,2.9,3.6,2.35,0.0,0.91,120.60,3.15,53.07,45.25,2024-02-10 11:00:00
12~13,4.0,46.21,5.06,25.32,0.09,0.06,10.15,1.57,1.66,75.55,2.47,19.6,53.48,1.32,0.75,0.0,10.88,11.31,40.67,2.88,3.72,2.31,0.0,0.80,120.89,2.78,53.88,45.14,2024-02-10 12:00:00
13~14,4.0,45.94,4.98,25.49,0.09,0.08,9.85,1.59,1.66,75.89,2.19,20.31,53.39,1.35,0.76,0.0,10.88,11.49,13.39,2.87,3.59,2.5,0.0,1.40,122.14,3.13,53.99,45.18,2024-02-10 13:00:00
14~15,4.5,47.44,4.94,25.67,0.1,0.08,9.9,1.63,1.65,74.98,2.28,19.94,52.76,1.33,0.8,0.0,10.94,11.75,13.6,2.85,3.61,2.56,0.0,0.83,125.42,3.0,57.48,45.43,2024-02-10 14:00:00
15~16,7.5,46.59,5.18,25.85,0.09,0.09,10.11,2.14,1.67,76.57,2.46,19.11,55.0,1.32,0.91,0.0,11.14,11.55,44.92,2.87,3.83,2.37,0.0,0.77,132.33,3.59,64.08,45.44,2024-02-10 15:00:00
16~17,4.81,46.94,5.31,25.75,0.09,0.08,9.74,2.1,1.75,77.47,2.47,19.18,55.82,1.37,0.71,0.02,10.75,11.75,31.64,2.94,3.85,2.54,0.18,0.78,137.73,3.0,67.48,48.32,2024-02-10 16:00:00
17~18,5.0,46.22,5.01,25.29,0.27,0.12,11.28,2.13,2.12,78.01,2.44,20.56,55.01,1.57,0.87,0.16,12.13,12.44,12.86,2.9,3.91,2.12,4.28,0.80,130.76,3.01,61.2,47.93,2024-02-10 17:00:00
18~19,5.37,46.35,5.04,24.97,0.35,0.14,12.06,2.44,1.65,77.32,2.5,19.46,55.36,1.75,0.76,0.17,12.95,16.48,20.0,2.97,3.78,2.1,4.45,1.13,124.91,2.9,54.67,48.32,2024-02-10 18:00:00
19~20,5.69,46.56,4.82,24.98,0.35,0.14,12.16,1.96,1.71,78.23,2.6,20.5,55.13,1.86,0.77,0.16,12.84,15.15,45.15,2.88,3.53,2.06,4.44,0.95,122.41,2.84,53.56,47.44,2024-02-10 19:00:00
20~21,5.63,45.21,4.89,24.92,0.36,0.13,11.83,1.92,1.65,75.42,2.44,19.31,53.67,1.58,0.87,0.17,13.14,17.24,46.77,2.87,3.28,1.94,4.41,1.37,121.85,2.54,53.64,46.87,2024-02-10 20:00:00
21~22,5.62,46.6,4.82,24.6,0.35,0.14,11.43,1.73,1.69,74.49,2.4,19.11,52.98,1.49,0.76,0.17,13.52,16.36,15.01,2.88,3.41,1.96,4.4,0.86,120.54,3.22,52.67,45.75,2024-02-10 21:00:00
22~23,6.44,44.94,4.81,24.32,0.36,0.13,7.6,1.65,1.66,72.75,2.53,19.34,50.88,1.34,0.66,0.17,14.34,15.3,17.5,2.94,3.53,1.79,4.39,1.06,120.04,2.74,52.38,45.81,2024-02-10 22:00:00
23~24,7.56,46.56,4.97,24.51,0.35,0.15,6.9,1.54,1.69,72.26,2.5,19.2,50.56,0.98,0.73,0.16,15.34,13.9,45.26,2.93,3.65,1.75,4.39,0.83,121.01,2.94,52.94,46.76,2024-02-10 23:00:00
